Rack:Tube,Solution Label,Timestamp,Al 237.312 nm ppm,Al 308.215 nm ppm,Ca 315.887 nm ppm,Ca 422.673 nm ppm,Fe 238.204 nm ppm,Fe 259.940 nm ppm,K 766.491 nm ppm,K 769.897 nm ppm,Mg 279.553 nm ppm,Mg 280.270 nm ppm,Mn 257.610 nm ppm,Mn 293.931 nm ppm,Na 588.995 nm ppm,Na 589.592 nm ppm,P 213.618 nm ppm,P 214.914 nm ppm,Ti 334.941 nm ppm,Ti 336.122 nm ppm
Rack:Tube,Solution Label,Timestamp,Al 237.312 nm ppm,Al 308.215 nm ppm,Ca 315.887 nm ppm,Ca 422.673 nm ppm,Fe 238.204 nm ppm,Fe 259.940 nm ppm,K 766.491 nm ppm,K 769.897 nm ppm,Mg 279.553 nm ppm,Mg 280.270 nm ppm,Mn 257.610 nm ppm,Mn 293.931 nm ppm,Na 588.995 nm ppm,Na 589.592 nm ppm,P 213.618 nm ppm,P 214.914 nm ppm,Ti 334.941 nm ppm,Ti 336.122 nm ppm
S1:1,Blank,28-04-2025 13:36,0,0,0,0,0,0,0,0,0,0,0,0,0,0,0,0,0,0
S1:2,Standard 1,28-04-2025 13:38,1.58,1.58,0.16,0.16,1.49,1.49,0.79,0.79,0.16,0.16,0.16,0.16,0.16,0.16,0.15,0.15,0.15,0.15
S1:3,Standard 2,28-04-2025 13:40,3.12,3.12,0.31,0.31,3.03,3.03,1.57,1.57,0.31,0.31,0.31,0.31,0.31,0.31,0.3,0.3,0.31,0.31
S1:4,Standard 3,28-04-2025 13:42,6.31,6.31,0.63,0.63,6.13,6.13,3.17,3.17,0.63,0.63,0.62,0.62,0.62,0.62,0.61,0.61,0.63,0.63
S1:5,Standard 4,28-04-2025 13:43,12.65,12.65,1.26,1.26,12.28,12.28,6.36,6.36,1.26,1.26,1.25,1.25,1.25,1.25,1.23,1.23,1.26,1.26
S1:6,Standard 5,28-04-2025 13:45,25.14,25.14,2.51,2.51,24.41,24.41,12.64,12.64,2.5,2.5,2.48,2.48,2.48,2.48,2.45,2.45,2.5,2.5
S1:7,Standard 6,28-04-2025 13:47,50.51,50.51,5.05,5.05,49.04,49.04,--,--,5.02,5.02,4.99,4.99,--,--,4.91,4.91,5.02,5.02
01:01,BLK 1,28-04-2025 13:50,3.14,5.22,4.28,4.28,43.04,43.44,1.69,8.7,0.85,0.83,0.2,0.2,5.51,5.35,0.49,0.68 u,0.26,0.23
01:02,BLK 2,28-04-2025 13:51,1.09,3.33,5.09,5.06,41.53,41.77,1.11,6.57,0.65,0.63,0.16,0.15,5.16,4.92,0.22 u,-0.08 u,0.11,0.08
01:03,BLK 3,28-04-2025 13:53,0.55,1.89,3.46,3.45,39.23,39.61,0.78,6.5,0.37,0.37,0.15,0.14,2.93,2.8,0.08 u,0.01 u,0.08,0.04
S1:8,QC MES 5 ppm,28-04-2025 13:55,4.91,4.88,4.5,4.58,4.85,4.87,5.41,5.3,4.48,4.65,4.75,4.85,4.94,5.05,4.93,4.87,4.79,4.78
S1:9,SJS-Std,28-04-2025 13:57,79921.12,79088.4,19696.95,19358.66,37501.38,37387.43,24132.12,23754.57,15564.61,15483.99,578.63,575.18,13180.48,13235.92,672.82,821.39,3532.5,3519.51
S1:9,SJS-Std,28-04-2025 13:59,79553.63,78821.61,19618.55,19272.88,37369.87,37480.8,24064.67,23656.63,15499.38,15415.54,575.05,570.86,13091.69,13111.4,674.83,727,3522.77,3511.61
S1:9,SJS-Std,28-04-2025 14:01,79931.37,79116.35,19673.33,19359.23,37442.27,37231.86,24126.45,23724.81,15535.64,15449.81,575.5,574.95,13160.33,13142.6,652.88,771.49,3531.7,3518.33
01:04,MCS 575,28-04-2025 14:03,81895.69,82353.28,1432.74,1455.62,38134.3,38128.56,26472.68,25992.93,7278.8,7263.47,723.84,727.23,4124.44,4089.86,411.52,450.36,4372.81,4362.08
01:05,MCS 576,28-04-2025 14:05,74784.11,75312.39,2167.71,2199.92,38889.32,38942.58,25955.06,25508.57,9402.27,9456.71,699.19,702.21,6133.85,6132.68,730.17,769.23,4201.21,4189.13
01:06,MCS 577,28-04-2025 14:07,94663.02,95486.41,1179.36,1207.21,47306.29,47369.56,30954.62,30538.98,9181.13,9219.09,331.19,331.77,3519.46,3500.96,514.15,597.42,5657.86,5672.26
01:07,MCS 578,28-04-2025 14:09,92273.91,93250.8,776.91,856.81,41101.84,41144.95,33300.87,33036.4,8505.72,8539.57,645.49,646.94,3397.76,3392.52,351.23,371.04,5123.04,5133.5
01:08,MCS 579,28-04-2025 14:11,74354.02,74733.87,1161.25,1184.33,33594.57,33610.01,24343.32,23932.03,6716.9,6703.91,581.95,583.88,3895.13,3892.53,410.02,431.89,4322.65,4334.51
01:09,MCS 580,28-04-2025 14:13,107292.32,108713.99,1420.1,1461,49281.96,49294.41,36438.01,36507.86,9762.07,9860.59,688.69,692.94,3902.78,3878.33,775.95,835.58,6234.59,6225.42
01:10,MCS 581,28-04-2025 14:15,96179.07,97051.76,1098.38,1127.36,45998.07,46038.86,31762.77,31304.4,9256.05,9284.79,536.64,538.76,4000.53,4000.23,444.12,473.29,5530.64,5549.29
01:11,MCS 582,28-04-2025 14:17,80696.34,80860.21,1422.08,1432.54,40394.95,40432.21,26793.32,26278.44,8558.75,8550.97,572.7,574.84,2958.29,2895.84,328.89,383.08,4844.73,4828.6
01:12,MCS 583,28-04-2025 14:19,87432.98,88045.13,1810.07,1847.09,40220.72,40311.92,26630.32,26164.08,7807.72,7810.35,474.72,477.65,5210.5,5257.41,556.29,605.39,4838.15,4858.45
01:13,MCS 584,28-04-2025 14:21,89328.6,89845.02,1343.38,1374.64,42718.48,42804.1,29044.83,28653.49,8185.78,8205.79,311.48,312.8,3409.24,3405.37,485.63,550.79,5164.76,5185.07
S1:8,QC MES 5 ppm,28-04-2025 14:23,4.88,4.88,4.49,4.57,4.85,4.86,5.39,5.28,4.47,4.65,4.74,4.84,4.93,4.99,4.88,4.85,4.77,4.77
S1:9,SJS-Std,28-04-2025 14:25,79902.62,79095.32,19638.09,19314.47,37423.55,37304.45,24094.32,23652.63,15522.25,15440.94,577.47,574.94,13169.81,13129.34,690.3,794.59,3535.5,3523.32
01:14,MCS 585,28-04-2025 14:27,72715.35,72866.79,2380.41,2394.61,29655.17,29715.29,22392.42,21927,5931.98,5898.44,283.42,284.09,4936.82,4925.34,850.86,920.4,3649.82,3637.25
01:15,MCS 586,28-04-2025 14:29,88223.49,88950.86,1038.97,1071.78,46916.5,46984.58,28219.15,27838.37,9012.33,9063.86,686.1,686.94,3223.12,3223.81,411.7,480.79,5276.66,5305.52
01:16,MCS 587,28-04-2025 14:31,97012.67,98094.75,853.55,947.17,46014.17,46025.78,35008.44,34725.15,9140.58,9179.7,596.24,598.54,3140.4,3136.29,371.19,442.25,5634.86,5661.82
01:17,MCS 588,28-04-2025 14:33,85318.4,85932.42,1415.3,1457.29,38465.77,38429.99,28658.93,28206.8,7981,7988.07,449.09,451.43,3862.81,3864.73,335.84,406.06,4861.19,4882.31
01:18,MCS 589,28-04-2025 14:35,81035.09,81208.42,1203.03,1220.3,39519,39463.76,24066.03,23605.71,7512.56,7498.89,843.72,845.19,3797.61,3784.7,448.15,519.8,4527.14,4519.65
01:19,MCS 590,28-04-2025 14:37,61464.82,61407.75,2004.12,2006.87,25757.72,25712.52,18597.54,18183.26,4534.95,4493.39,517.81,519.68,4862.32,4821.24,364.56,409.24,2471.95,2464.23
01:20,MCS 591,28-04-2025 14:39,91831.19,92559.19,1323.73,1360.35,45914.43,45960.73,29045.84,28650.84,8795.29,8827.96,258.91,258.72,3542.89,3573.72,267.02,326.22,5151.3,5198.11
01:21,MCS 592,28-04-2025 14:41,63293.64,63224.04,2298.71,2297.98,30912.54,30841.09,17516.43,17127.2,5498.2,5463.3,210.95,212.05,4560.47,4530.06,489.59,528.68,3380.16,3368.35
01:22,MCS 593,28-04-2025 14:43,79945.3,80559.72,1385.85,1416.01,36747.59,36822.84,26705.66,26270.08,7104.1,7097.66,773.21,778.07,4454.22,4462.81,437.35,499.62,4204.33,4211.37
01:23,MCS 594,28-04-2025 14:45,72677.18,72672.35,1963.7,1972.8,29867.62,29831.94,20999.39,20541.16,6703.62,6672.8,214.25,213.72,4140.06,4125.34,472.45,534.73,4374.94,4358.01
S1:8,QC MES 5 ppm,28-04-2025 14:47,4.91,4.89,4.5,4.58,4.82,4.88,5.39,5.28,4.47,4.65,4.75,4.86,4.92,5,4.88,4.85,4.8,4.79
S1:9,SJS-Std,28-04-2025 14:49,79806.16,79103.18,19619.13,19313.98,37377.26,37274.48,24020.99,23534.54,15517.14,15413.77,575.5,576.33,13042.87,13137.43,640.43,790.24,3539.66,3525.99
01:24,MCS 595,28-04-2025 14:51,79496.36,79878.41,1724.6,1744.05,38766.66,38783.03,24089.26,23623.37,6888.34,6860.86,725.86,728.63,5438.51,5467.51,634.01,700.44,4131.41,4114.91
01:25,MCS 596,28-04-2025 14:53,67769.06,67872,2199.89,2229.31,28631.09,28684.22,23964.63,23543.2,5252.49,5216.47,264.72,265.24,5783.76,5756.73,548.97,572.14,3168.76,3157.42
01:26,MCS 597,28-04-2025 14:54,90740.85,91499.85,1652.14,1690.09,43823.05,43840.02,26365.11,25908.61,7415.49,7415.11,349.94,351.53,4270.42,4301.7,560.37,602,5057.03,5106.09
01:27,MCS 598,28-04-2025 14:56,89720.34,90269.19,1075.54,1097.16,47238.22,47243.54,25152.25,24646.4,9033.45,9043.78,529.7,532.92,3152.94,3130.74,467,520.24,5416.97,5426
01:28,MCS 599,28-04-2025 14:58,93254.89,94066.97,1229.48,1260.95,48026.22,48039.98,30215.64,29828.97,9370.07,9415.54,308.78,310.29,3075.46,3093.38,481.49,548.14,5711.31,5760.68
01:29,MCS 600,28-04-2025 15:00,83670.68,84502.43,2837.5,2907.63,41342.61,41379.35,31312.76,30968.89,10945.01,11159.77,401.35,403.8,6834.61,6803.99,391.64,451.26,4772.78,4764.12
01:30,MCS 601,28-04-2025 15:02,77211.78,77705.2,1319.36,1343.65,32250.5,32284.36,25874.99,25435.62,6212.25,6183.28,579.38,583.38,4225.06,4211.12,350.6,387.73,3880.97,3867.21
01:31,MCS 602,28-04-2025 15:04,94157.09,94997.42,1419.82,1465.59,44502.65,44527.99,29422.31,29005.32,8875.04,8892.03,309.85,311.74,4672.47,4666.2,525.72,563.52,5380.15,5410.01
01:32,MCS 603,28-04-2025 15:06,91506.68,92471.05,1658.72,1696.9,41223.18,41195.94,28142.6,27762.38,7926.49,7930.53,282.44,283.03,4564.47,4565.22,455.09,507.24,5184.51,5200.9
01:33,MCS 604,28-04-2025 15:08,72311.86,73101.27,3118.8,3174.38,35823.24,35778.01,28527.95,28144.52,8805.29,8834.45,499.53,503.56,8594.78,8589.77,641,724.66,4096.47,4081.99
S1:8,QC MES 5 ppm,28-04-2025 15:10,4.88,4.87,4.47,4.56,4.83,4.85,5.36,5.26,4.46,4.62,4.73,4.83,4.89,4.96,4.85,4.81,4.78,4.77
S1:9,SJS-Std,28-04-2025 15:12,79405.63,78700.07,19515.42,19218.9,37205.01,37150.53,23867.9,23402.67,15449.62,15346.72,575.3,575.24,13021.01,13028.64,665.78,724.95,3521.52,3510.67
01:34,MCS 605,28-04-2025 15:14,68372.04,68678.06,1628.2,1647.17,30686.81,30707.36,20490.59,20092.98,5136.89,5096.59,548.31,549.19,4639.49,4637.47,524.06,586.68,3110.89,3099.46
01:35,MCS 606,28-04-2025 15:16,72862.98,73453.73,1503.36,1527.95,32303.68,32302.06,23784.59,23377.21,6091.08,6061.64,316.24,318.06,4318.55,4268.09,369.04,414.72,3823.67,3809.86
01:36,MCS 607,28-04-2025 15:18,78245.07,78558.83,1709.01,1736.52,34158.68,34216.43,24645.79,24193.57,6691.34,6653.15,514.18,515.62,4684.66,4695.93,638.43,682.07,3860.63,3848.27
01:37,MCS 608,28-04-2025 15:20,78795.01,79002.18,1074.11,1090.76,39360.22,39506.51,24565.09,24085.65,8305.8,8297.38,431.24,432.59,3083.11,3055.22,359.06,400.92,4731.52,4744.76
01:38,MCS 609,28-04-2025 15:22,84477.38,85360.24,1217.57,1247.76,39732.25,39776.18,26516.7,26135.97,7211.65,7202.6,506.22,509.3,4094.34,4087.68,482.35,523.88,4389.24,4410.94
01:39,MCS 610,28-04-2025 15:24,75309.94,75558.11,1733.66,1751.43,31895.57,31967.89,24179.31,23727.03,6135.36,6091.36,652.45,655.54,4357.05,4344.73,531.09,571.84,3770.19,3756.4
01:40,MCS 611,28-04-2025 15:26,85941.48,86749.1,1059.25,1087.24,40870.68,40965.96,28613.02,28187.59,8024.35,8012.38,727.19,732.07,3549.33,3534.46,435.84,493.07,4963.04,4963.73
01:41,MCS 612,28-04-2025 15:28,85702.56,86616.26,1251.34,1280.56,40869.82,40882.47,27703.61,27233.75,7791.59,7775.88,326.62,328.82,3487.23,3484.31,373.64,437.64,5065.7,5061.13
01:42,MCS 613,28-04-2025 15:30,85528.15,85957.69,1150.1,1187.48,41691.76,41800.7,27678.05,27202.24,7803.33,7784.93,501.63,504.51,3242.03,3244.98,317.24,343.59,4894.26,4910.35
01:43,MCS 614,28-04-2025 15:32,79013.82,79756.78,1374.5,1399.83,41438.74,41533.62,24808.77,24406.55,6514.91,6490.99,714.26,718.37,4263.92,4266.98,433.63,474.81,4170.41,4193.19
S1:8,QC MES 5 ppm,28-04-2025 15:34,4.87,4.87,4.46,4.55,4.84,4.85,5.36,5.25,4.44,4.61,4.73,4.83,4.87,4.95,4.85,4.8,4.79,4.77
S1:9,SJS-Std,28-04-2025 15:36,79142.84,78463.26,19454.83,19178.7,37099.38,37048.53,23814.14,23331.2,15395.53,15273.14,573.21,572.46,12951.99,13070.88,667.63,784.22,3521.01,3506.5
01:44,MCS 615,28-04-2025 15:38,87205.8,88208.08,1155.05,1184.13,40864.22,40929.51,30566.04,30165.8,8156.82,8153.98,526.8,529.65,3883.92,3885.6,426.45,478.93,5196.46,5217.57
01:45,MCS 616,28-04-2025 15:40,74509.33,74964.15,1961.06,1981.88,29709.45,29838.76,22902.49,22463.97,5385.12,5340.7,196.23,196.11,5625.91,5610.06,452.58,511.29,3541.51,3526.27
01:46,MCS 617,28-04-2025 15:42,75656.16,76044.74,1515.3,1537.14,35997.38,35853.25,23976,23515.04,7037.68,7003.41,245.21,244.8,4268.18,4240.32,491.88,531.09,4388.21,4370.27
01:47,MCS 618,28-04-2025 15:44,96663.43,97695.28,1373.97,1406.43,48152.68,48265.59,27370.45,26947.67,8445.65,8434.04,355.91,359.17,3480.33,3470.69,472.78,523.71,5610.11,5620.13
01:48,MCS 619,28-04-2025 15:46,77323.33,78003.23,2970.96,3036.38,35157.71,35312.45,27321.97,26952.02,7848.16,7841.82,440.13,442.76,8710.02,8737.58,585.08,633.09,4099.25,4083.95
01:49,MCS 620,28-04-2025 15:48,93253.67,94316.85,1516.5,1558.38,45722.43,45777.63,30307.39,29894.04,8739.57,8740.35,600.02,604.17,4981.37,4967.65,533.48,578.9,5133.29,5147.28
01:50,MCS 621,28-04-2025 15:50,77326.06,77903.2,1526.86,1554.04,35314.47,35385.97,22886.17,22493.28,5927.66,5888.44,216.77,216.77,4830.22,4854.93,431.94,477.9,3855.66,3843.29
01:51,MCS 622,28-04-2025 15:52,84788.04,85902.29,1577.39,1274.88,42012.46,41166.62,19648.46,19881.54,8499.31,8432.1,251.43,253.05,4293.47,4140.68,610.37,667.74,5806.9,5777.44
01:52,MCS 623,28-04-2025 15:54,57054.12,56936.49,1211.86,1204.12,27310.88,27282.77,16950.02,16590.59,5027.03,4976.64,573.15,577.83,2953.22,2954.5,515.23,544.76,3227.26,3212.7
01:53,MCS 624,28-04-2025 15:56,72603.14,72895.89,2075.99,2087.42,32711.55,32970.41,19933.5,19502.69,5099.18,5046.67,188.15,187.73,5899.89,5879.98,525.66,568.69,3141.81,3130.13
S1:8,QC MES 5 ppm,28-04-2025 15:58,4.85,4.86,4.44,4.55,4.79,4.82,5.35,5.24,4.43,4.58,4.71,4.81,4.86,4.96,4.83,4.78,4.77,4.76
S1:9,SJS-Std,28-04-2025 16:00,79350.06,78782.21,19456.2,19278.39,37056.45,37039.05,23927.63,23435.5,15385.1,15257.18,572.96,572.91,13034.21,12975.73,661.67,728.93,3524.73,3510.64
01:54,MCS 625,28-04-2025 16:02,70159.94,70468.67,1958.33,1988.42,31857.22,32056.98,23300.83,22836.41,5596.74,5546.33,219.79,220,6132.46,6089.52,391.3,433.49,3420.48,3406.69
01:55,MCS 626,28-04-2025 16:04,81769.57,82425.34,1225.94,1260.99,39186.2,39332.37,27306.81,26833.42,7699.58,7676.96,911.94,917.08,3338.75,3327.03,444.72,495.91,4856.89,4862.1
01:56,MCS 627,28-04-2025 16:06,65699.32,65682.1,2118.33,2143.99,23144.68,23273.13,19609.36,19157.54,4107.38,4084.94,203.98,203.23,5978.78,5931.89,356.71,405.09,2460.07,2450.82
01:57,MCS 628,28-04-2025 16:07,85772.58,86475.16,1869.46,1918.5,39293.82,39555.73,27748.15,27255.85,9496.17,9520.02,399.9,401.77,4700.39,4709.14,643.48,710.59,4297.67,4280.87
01:58,MCS 629,28-04-2025 16:09,73204.81,73652.71,1788.67,1828.33,33085.29,33124.81,25030.97,24543.67,6848.53,6811.96,663.7,668.35,4454.41,4471.46,332.44,401.03,3722.86,3709.49
01:59,MCS 630,28-04-2025 16:11,77904.76,78491.56,1149.36,1188.61,38850,39021.01,23360.88,22896.54,6789.93,6755.98,352.45,355.05,3623.72,3642.82,433.42,487.94,4244.64,4253.86
0.083333333,MCS 631,28-04-2025 16:13,74007.97,74364.97,2812.72,2867.15,33127.72,33232.79,20531.36,20083.11,5281.77,5233.09,1018.06,1024.06,6988.54,6974.12,483.59,513.31,3059.83,3048.54
02:01,MCS 632,28-04-2025 16:15,54464.69,54405.08,803.65,885.28,26385.99,26446.73,16700.46,16277.42,4713.42,4663.35,428.01,430.03,2666.25,2654.9,372.67,441.04,2835.33,2822.45
02:02,MCS 633,28-04-2025 16:17,73591.81,74155.37,2430.55,2488.08,35841.3,35882.05,26253.94,25826.76,9040.42,9067.88,409.28,411.51,5786.16,5752.04,678.69,719.94,3958.92,3943.36
02:03,MCS 634,28-04-2025 16:19,66442.79,66561.43,1779.25,1804.7,31138.35,31290.26,17839.48,17427.37,5127.03,5078.82,438.74,439.31,5003.43,5053.98,478.66,517.44,3327.9,3315.91
S1:8,QC MES 5 ppm,28-04-2025 16:21,4.84,4.86,4.44,4.56,4.78,4.82,5.36,5.25,4.43,4.58,4.71,4.81,4.86,4.96,4.83,4.78,4.77,4.76
S1:9,SJS-Std,28-04-2025 16:23,79497.58,78781.59,19443.78,19331.59,37021.9,36887.73,23899.23,23406.92,15384.89,15261.68,573.74,572.14,12976.02,12979.45,636.87,777.48,3522.8,3509.07
02:04,MCS 635,28-04-2025 16:25,57931.39,58058.43,1974,1998.82,21203.93,21432.39,18605.75,18194.14,3897.61,3873.78,177.7,176.8,5870.75,5841.4,524.13,574.71,2330.37,2321.71
02:05,MCS 636,28-04-2025 16:27,64504.05,64777.99,2065.04,2095.54,28755.08,28831.93,19623.45,19184.84,5599.64,5545.94,1084.91,1093.08,5370.13,5391.57,778.99,826.04,2981.65,2970.92
02:06,MCS 637,28-04-2025 16:29,73837.11,74082.85,2610.49,2650.88,33111.39,33224.31,20323.7,19879.17,5467.37,5411.3,421.23,424.04,7229.43,7207.64,1053.91,1093.14,3374.72,3359.88
02:07,MCS 638,28-04-2025 16:31,139382.77,141850.96,674.77,772.69,45778.52,46040.8,28024.54,27666.74,8581.09,8587.84,575.2,580.44,2825.36,2821.97,367.09,399.43,5108.08,5129.48
02:08,MCS 639,28-04-2025 16:33,75493.8,75774.68,3306.9,3351.29,32932.26,33004.22,17831.95,17464.25,5754.79,5707.84,374.32,377.09,7211.97,7186.11,1029.8,1102.36,3344.99,3331.54
02:09,MCS 640,28-04-2025 16:35,74750.5,75480.25,3934.57,4043.14,40982.77,41104.64,30998.53,30564.89,10830.15,10940.83,527.23,530.64,8548.23,8567.11,630.32,677.77,4568.88,4562.17
02:10,MCS 641,28-04-2025 16:37,60374.45,60389.83,2176.39,2196.42,26189.84,26226.64,18979.26,18489.32,5016.28,4963.51,552.65,554.62,5027.27,5046.61,479.63,560.34,2827.93,2817.65
02:11,MCS 642,28-04-2025 16:39,87395.59,88068.96,1616.12,1657.32,45844.35,45955.66,25197.65,24735.86,6574.36,6533.34,714.54,720.86,5174.46,5186.65,537.45,576.65,4301.56,4286.22
02:12,MCS 643,28-04-2025 16:41,107093.12,109312.36,5035.12,5275.66,58390.67,58309.01,46415.2,46531.12,15597.93,16045.09,837.18,844.02,12192.79,12235.49,767.37,806.02,6676.55,6659.14
02:13,MCS 644,28-04-2025 16:43,68420.75,68723.79,1288.32,1312.79,32956.81,33115.73,21848.16,21416.88,6036.31,5992.2,326.97,328.88,3910.28,3899.55,495.82,550.95,3713.07,3697.56
S1:8,QC MES 5 ppm,28-04-2025 16:45,4.84,4.84,4.42,4.54,4.75,4.81,5.33,5.21,4.41,4.57,4.69,4.8,4.82,4.93,4.79,4.75,4.75,4.74
S1:9,SJS-Std,28-04-2025 16:47,79132.84,78564.06,19379.42,19245.35,36902.71,37058.81,23824.36,23336.92,15326.66,15187.02,571.28,569.8,12952.68,12927.6,655.81,742.93,3515.07,3499.61
02:14,MCS 645,28-04-2025 16:49,107317.61,108731.4,1646.62,1703.24,48974.96,48962.98,32943.11,32569.3,9296.5,9301.81,360.8,362.51,5442.39,5457.87,575.3,607.99,5831.71,5839.37
02:15,MCS 646,28-04-2025 16:51,88544.46,89735.25,3484.92,3627.55,45064.94,45229.41,37579.14,37546.43,11589.84,11799.19,573.7,577.94,8895.54,8920.23,721.98,790,5167.19,5188.67
02:16,MCS 647,28-04-2025 16:53,130489.18,132985.44,1459.22,1533.09,60598.44,60659.67,43802.81,43691.41,11863.92,12050.43,594.89,598.61,5350.88,5415.01,784.79,831.68,7457.25,7442.49
02:17,MCS 648,28-04-2025 16:55,89868.63,90988.93,1689.68,1747.11,35513.52,35710.31,28817.77,28452.81,7283.64,7266.21,240.01,239.7,5569.25,5540.74,481.94,513.94,5069.9,5071.72
02:18,MCS 649,28-04-2025 16:57,122694.52,124602.59,2231.83,2324.66,50901.57,51091.67,35023.45,34858.29,9993.2,10057.43,318.9,321.45,6668.83,6649.43,902.34,957.64,6954.32,6945.92
02:19,MCS 650,28-04-2025 16:59,87365.81,88603.82,2971.34,3074.08,41017.3,41192.19,32209.32,31838.55,10778.16,10955.43,407.24,409.96,7378.34,7367.52,365.76,434.09,5029.02,5049.38
02:20,MCS 651,28-04-2025 17:01,101639.13,103045.77,1585.1,1644.75,44746.27,45166,32842.38,32428.63,8929.55,8929.02,249.43,249.21,4696.43,4686.47,474.5,503.97,5876.05,5869.83
02:21,MCS 652,28-04-2025 17:03,99394.99,100856.98,2344.59,2443.6,49313.93,49442.79,32700.4,32393.58,11402.39,11615.86,474.54,477.8,6109.06,6034.36,772.37,810.52,5063.14,5088.68
02:22,MCS 653,28-04-2025 17:05,81153.77,81865.81,1234.82,1272.38,39011.98,39148.79,22062.79,21623.33,6973.67,6944.06,602.57,607.72,3727.22,3753.49,450.78,507.59,3736.97,3724.69
02:23,MCS 654,28-04-2025 17:07,112327.55,114210.59,1367.47,1431.27,55939.08,56030.97,38717.48,38540.5,11355.62,11552.12,532.92,535.59,4463.12,4488.32,678.51,738.92,6476.88,6458.42
S1:8,QC MES 5 ppm,28-04-2025 17:09,4.86,4.86,4.43,4.56,4.76,4.8,5.34,5.23,4.42,4.56,4.69,4.79,4.86,4.94,4.81,4.76,4.76,4.75
S1:9,SJS-Std,28-04-2025 17:11,79060.77,78471.58,19308.52,19208.93,36774.26,37002.01,23798.44,23285.93,15284.37,15147.05,567.79,568.88,12873.4,12928.46,663.55,813.93,3506.84,3494.08
02:24,MCS 655,28-04-2025 17:13,114428.14,116303.95,2046.2,2132.39,58338.65,58543.72,33102.52,32760.86,9003.14,9015.86,825.05,828.77,5719.37,5689,738.91,759.11,5871.91,5893.23
02:25,MCS 656,28-04-2025 17:15,66904.36,67291.81,2950.05,3035.1,30888.98,31032.84,23612.7,23184.47,7366.15,7356.49,491.07,494.9,7840.98,7838.25,781.77,820.62,3409.87,3396.9
02:26,MCS 657,28-04-2025 17:17,99311.55,100997.16,1672.49,1739.9,48135.51,48239.8,33165.87,32969.86,9220.33,9257.34,348.26,350.16,5738.94,5716.21,402.56,454.18,6488.69,6477.39
02:27,MCS 658,28-04-2025 17:19,121525.39,124171.89,3361.01,3542.07,57294.7,57506.63,44699.12,44872.46,14069.68,14413.66,564.83,567.47,9701.28,9789.24,624.77,699.49,6934.37,6919.24
02:28,MCS 659,28-04-2025 17:21,78926.24,79659.52,2871.94,2948.42,37427.5,37528.01,26043.24,25614.49,7987.75,7972.81,409.42,412.12,7937.52,7951.73,553.63,606.87,4205.56,4191.12
02:29,MCS 660,28-04-2025 17:23,99236.45,101037.69,3885.82,4047.36,48931.54,49108.11,34080.47,33779.07,11755.51,11991.35,971.68,979.73,8146.75,8174.23,1086.19,1125.72,5424.79,5437.07
02:30,MCS 661,28-04-2025 17:25,57931.16,57977.9,2425.82,2472.11,28537.72,28674.84,19764.86,19316.63,6908.5,6870.06,613.69,617.48,5084.45,5079.55,750.19,808.83,2951.6,2941.71
02:31,MCS 662,28-04-2025 17:26,62519.84,62740.78,2116.78,2146.15,30189.34,30228.53,16826.8,16441.64,4809.43,4759.55,823.17,830.36,5422.55,5473.54,611.61,646.97,2769.37,2759.24
02:32,MCS 663,28-04-2025 17:28,92425.72,93742.21,2845.95,2957.51,46587.31,46776.5,32556.41,32219.23,11302.8,11467.89,491.58,493.9,7851.64,7867.14,455.88,525.38,5355.34,5375.05
02:33,MCS 664,28-04-2025 17:30,78776.24,79433.69,2166.6,2225,37254.78,37427.63,27729.96,27259.14,9227.35,9232,377.18,379.77,5473.28,5498.23,601.52,618.68,3836.7,3824.39
S1:8,QC MES 5 ppm,28-04-2025 17:32,4.85,4.85,4.42,4.57,4.77,4.8,5.35,5.23,4.41,4.56,4.7,4.79,4.85,4.92,4.8,4.76,4.76,4.75
S1:9,SJS-Std,28-04-2025 17:34,79533.79,78768.07,19367.5,19290.92,36853.63,37088.55,23866.63,23361.24,15330.25,15198.34,569.62,572.1,12968.32,12960.28,676,785.74,3515.79,3504.27
02:34,MCS 665,28-04-2025 17:36,83373.65,84221.28,1943.11,1997.61,33285.6,33482.82,25311.98,24856.14,6902.53,6872.35,316.01,316.7,5680.5,5654.64,587.58,667.43,4156.63,4159.95
02:35,MCS 666,28-04-2025 17:38,141380.79,145304.42,5124.74,5498.16,72879.78,73249.92,57845.26,58827.72,18239.39,19059.59,834.02,841.71,13234.92,13547.01,787.34,833.34,8642.5,8630.52
02:36,MCS 667,28-04-2025 17:40,100744.32,102185.84,1553.87,1608.55,51977.09,52146.85,28639.71,28199.69,7884.53,7874.12,559.9,563.29,4754.27,4751.91,631.32,708.29,5222.73,5237.14
02:37,MCS 668,28-04-2025 17:42,105182.35,106831.36,1229.68,1303.06,41225.55,41299.24,35297.35,35256.62,8681.16,8707.4,340.46,342.02,4636.37,4651.21,739.11,797.91,5684.68,5697.53
02:38,MCS 669,28-04-2025 17:44,102702.11,104679.34,4395.58,4623.79,52968.38,53270.22,43037.12,43134.78,13543.22,13877.76,667.38,672.6,12594.16,12698.07,767.56,823.95,6156.61,6150.71
02:39,MCS 670,28-04-2025 17:46,107938.83,109777.55,1338.11,1399.8,45997.47,46168.26,31102.64,30979.25,9007.23,9054.53,287.69,290.3,4451.67,4469.27,799.31,840.06,6166.07,6155.71
02:40,MCS 671,28-04-2025 17:48,101430.9,103007.3,3145.81,3287.91,48866.03,48985.64,36976.22,37084.36,11541.24,11713.61,578.07,582.22,9345.07,9361.22,654.99,721.19,5854.53,5902.15
02:41,MCS 672,28-04-2025 17:50,76959.57,77586.58,3015.51,3095.13,34075.32,34249.58,25537.69,25089.06,8382.97,8370.47,623.87,628.27,7301.33,7269.26,576.6,633.38,3916.93,3905.54
02:42,MCS 673,28-04-2025 17:52,112546.87,114383.21,1507.51,1578.78,52545.78,52748.75,34541.09,34284.81,9774.65,9861.22,287.87,290.18,4715.92,4742.54,470.05,481.89,6650.16,6638.72
02:43,MCS 674,28-04-2025 17:54,88960.27,89809.11,1725.4,1779.38,38205.81,38352,27988.54,27533.39,7538.11,7511.59,869.72,875.94,4844.03,4844.2,695.48,758.65,4376.67,4363.14
S1:8,QC MES 5 ppm,28-04-2025 17:56,4.86,4.86,4.43,4.57,4.75,4.81,5.35,5.24,4.42,4.57,4.69,4.8,4.85,4.97,4.8,4.76,4.77,4.76
S1:9,SJS-Std,28-04-2025 17:58,79323.73,78714.54,19362.08,19314.28,36792.12,36868.16,23849.55,23344.96,15296.48,15169.42,569.35,568.83,12942.29,12962.07,646.86,734.12,3512.75,3500.1
02:44,MCS 675,28-04-2025 18:00,63605.83,63764.82,1469.69,1494.38,28296.04,28449.68,18808.34,18370.03,4632.43,4589.59,277.93,277.76,4416.02,4399.83,335.56,376.83,2835.13,2826.29
02:45,MCS 676,28-04-2025 18:02,89885.07,90781.88,1606.55,1663.73,41411.74,41638.29,27195.64,26818,7134.06,7121.74,495.9,499.2,4777.51,4815.9,651.59,690.83,4481.44,4487.27
02:46,MCS 677,28-04-2025 18:04,101276.28,102388.91,1602.78,1665.9,49763.87,50061.12,34308.83,33943.42,9933.61,9967.71,617.64,620.39,4170.1,4203.07,529.98,589.18,5740.22,5773.51
02:47,MCS 678,28-04-2025 18:06,89582.98,90624.77,1476.11,1526.46,42110.36,42233.84,26439.24,25940.02,7700.55,7679.66,216.3,216.16,4424.29,4416.1,466.19,550.05,4834.09,4832.51
02:48,MCS 679,28-04-2025 18:08,98429.72,100148.19,2774.49,2903.18,50379.67,50458.55,37316.52,37289.46,12000.59,12255.03,525.74,528.91,7995.14,8060.51,517.76,551.35,5987.91,5974.86
02:49,MCS 680,28-04-2025 18:10,65202.66,65249.72,1987,2020.56,29010.14,29080.98,18017.76,17599.47,4848.32,4800.36,618.03,621.67,5109.59,5107.95,816.63,864.01,2679.85,2671.16
02:50,MCS 681,28-04-2025 18:12,81600.64,82458.32,2301.31,2366.72,34717.41,34906,24487.57,24096.86,6341.25,6315.8,222.35,221.65,5052.26,5065.97,475.73,503.3,4180.6,4188.34
02:51,MCS 682,28-04-2025 18:14,78689.88,78960.89,2269.58,2322.83,34154.36,34297.53,19427.17,19022.43,5967.92,5929.03,244.02,245.7,5649.02,5663.68,683.34,770.52,4021.49,4007.64
02:52,MCS 683,28-04-2025 18:16,97151.51,98743.05,4189.86,4397.42,49193.8,49355.56,36682.47,36507.33,12581.84,12865.14,577.31,580.2,9979.36,10021.63,861.14,896.64,5608.06,5619.8
02:53,MCS 684,28-04-2025 18:18,82788.52,83712.57,4184.45,4346.44,43248.56,43407.7,34018.21,33798.2,10596.23,10735.34,621.89,625.78,9590.36,9618.05,634.49,680.12,4997.45,5016.98
S1:8,QC MES 5 ppm,28-04-2025 18:20,4.84,4.83,4.41,4.54,4.73,4.77,5.31,5.2,4.4,4.55,4.67,4.77,4.83,4.91,4.77,4.72,4.73,4.72
S1:9,SJS-Std,28-04-2025 18:22,79594.56,78963,19388.51,19340.13,36884.09,36867.47,23862.71,23382.63,15326.32,15208.84,571.6,569.68,12973.07,13007.25,650.5,740.4,3522.2,3509.54
02:54,MCS 685,28-04-2025 18:24,61555.33,61917.8,2734.71,2780.73,28838.43,28904.01,16409.71,16041.65,4083.24,4055.03,481.31,484.4,6816.28,6845.68,639,680.47,2248.3,2241.31
02:55,MCS 686,28-04-2025 18:26,90371.06,91349.47,3259.39,3357.7,43341.36,43583.56,23565.13,23166.21,7307.88,7295.52,614.66,617.34,8272.42,8255.71,1171.64,1233.39,4368.65,4384.75
02:56,MCS 687,28-04-2025 18:28,95506.39,97122.34,1940.66,2030.32,40842.77,40955.54,34615,34571.96,9732.48,9859.68,327.02,329.26,6828.75,6814.63,457.61,482.05,5300,5299.14
02:57,MCS 688,28-04-2025 18:30,87195.49,87831.38,1911.6,1962.84,41102.71,41468.98,24922.68,24425.91,6735.54,6695.49,198.66,197.9,5776.53,5801.09,560.3,612.75,4456.79,4443.92
02:58,MCS 689,28-04-2025 18:32,93465.76,94560.05,1711.76,1774.46,39365.31,39507.13,31815.03,31468.39,6451.01,6419.69,494.09,497.29,5534.11,5527.68,523.61,594.25,4038.83,4025.75
02:59,MCS 690,28-04-2025 18:34,76439.88,76721.92,1618.62,1652.27,33840.03,33942.71,22217.07,21775.72,5653.84,5607.45,263.81,263.13,4572.28,4565.87,443.68,463.19,3501.56,3490.23
0.125,MCS 691,28-04-2025 18:36,74403.66,74728.01,1482.63,1514.49,36743.79,36963.57,21580.65,21106.22,6324.33,6282.92,291.34,292.07,4298.78,4301.85,650.14,679.28,4042.04,4028
03:01,MCS 692,28-04-2025 18:38,85484.15,86225.09,3090.09,3189.51,41600.42,41641.49,23561.89,23169.32,7196.69,7180.01,1078.75,1085.01,8719.38,8752.77,797.52,855.71,4258.83,4270.56
03:02,MCS 693,28-04-2025 18:40,74920.99,75659.09,2876.93,2972.78,34239.34,34290.66,27390.49,26975.85,7409.02,7396.39,612.55,616.97,8993.77,9054.21,649.19,686.35,3808.67,3798.36
03:03,MCS 694,28-04-2025 18:42,93583.65,94635.65,1130.58,1178.46,39728.48,39912.35,31310.75,31010.92,8507.91,8533.9,526.81,528.2,3632.48,3629.69,398.61,425.53,5189.99,5216.77
S1:8,QC MES 5 ppm,28-04-2025 18:44,4.87,4.86,4.43,4.56,4.76,4.8,5.33,5.22,4.41,4.57,4.69,4.79,4.85,4.92,4.79,4.76,4.75,4.74
S1:9,SJS-Std,28-04-2025 18:46,79679.69,78925.83,19402.26,19345.76,36875.43,37009.75,23854.99,23377.46,15335.34,15224.38,570.35,569.64,12961.66,13019.75,651.42,755.73,3515.27,3503.33
03:04,MCS 695,28-04-2025 18:48,80262.33,80770.14,2124.18,2165.11,31572.39,31662.52,18706.3,18306.05,6438.4,6401.08,242.88,242.6,5488.02,5508.68,687.32,739.02,4279.16,4266.78
03:05,MCS 696,28-04-2025 18:50,89465.74,90176.99,3489.57,3584.15,40675.87,40884.62,23409.07,22963.7,7301.04,7268.06,510.55,513,9253.02,9252.24,1042.69,1070.2,4336.49,4326.09
03:06,MCS 697,28-04-2025 18:52,75344.91,76021.45,1206.95,1243.89,35042.2,35326.64,23885.39,23483.99,6280.41,6252.19,215.62,215,3917.33,3919.15,358.69,399.27,4333.3,4339.13
03:07,MCS 698,28-04-2025 18:54,82032,82794.72,1628.14,1681.14,37890.43,38014.03,28285.98,27920.04,7194.19,7180.87,721.8,725.02,5238.83,5258.65,534.04,591.56,4353.05,4366.29
03:08,MCS 699,28-04-2025 18:56,79388.46,79927.53,2536.8,2600.92,38755.93,38916.58,26753.53,26292.49,9572.14,9598.74,344.41,347.75,5995.42,5990.68,319.43,354.44,4359.08,4346.75
03:09,MCS 700,28-04-2025 18:58,70540.19,70889.92,1795.36,1835.72,28469.51,28571.07,22291.51,21822.64,5214.46,5169.48,561.99,565.93,5158.88,5148.68,467.42,524.03,3113.47,3105.66
03:10,MCS 701,28-04-2025 19:00,116115.57,117737.82,1903.19,1978.16,47830.27,48031.05,32047.78,31702.44,9674.67,9711.61,334.21,334.55,5078.06,5086.2,878.8,900.41,6789.91,6775.79
03:11,MCS 702,28-04-2025 19:02,40623.43,40242.46,1237.59,1242.18,17903.33,18108.3,7707.44,7559.8,5622.06,5589.33,93.91,94.05,3004.32,3000.83,183.46,172.06,3283.66,3271.13
03:12,MCS 703,28-04-2025 19:04,85710.18,86525.88,1519.53,1563.67,42046.83,42204.18,25899.55,25457.91,7145.27,7118.23,358.9,362.08,4781.25,4780.88,475.04,502.62,5042.62,5049.42
03:13,MCS 704,28-04-2025 19:05,76007.53,76629.67,1839.39,1893.95,34215.63,34395.32,27714.87,27325.1,6950.39,6937.4,488.65,490.41,3189.08,3168.31,369.61,390.58,4202.27,4223.28
S1:8,QC MES 5 ppm,28-04-2025 19:07,4.9,4.88,4.44,4.57,4.79,4.81,5.35,5.24,4.42,4.59,4.71,4.8,4.85,4.98,4.8,4.75,4.77,4.76
S1:9,SJS-Std,28-04-2025 19:10,79434.97,78621.11,19358.26,19258.35,36663.07,36684.35,23714.13,23245.22,15269.15,15160.18,570.48,571.19,12899.35,12915.4,659.74,758.52,3506.89,3496.84
03:14,MCS 705,28-04-2025 19:11,65576.23,65844.82,3606.96,3664.66,29496.16,29588.79,20722.42,20267.39,5221.38,5177.87,385.19,385.9,4439.81,4473.34,721.7,758.33,3128.47,3118.78
03:15,MCS 706,28-04-2025 19:13,72487.76,72965.8,3247.06,3306.24,33089.32,33212.55,19550.01,19176.05,5571.51,5537.89,327.18,328.28,5579.93,5551.22,554.7,623.94,3641.28,3632.56
03:16,MCS 707,28-04-2025 19:15,65807.02,65922.36,2523.21,2566.42,31873.4,31919.96,15072.24,14733.77,4770.26,4726.69,707.6,711.69,5659.71,5633.91,487.33,536.43,2992.69,2985.96
03:17,MCS 708,28-04-2025 19:17,73476.15,74123.11,4387.71,4538.94,39840.95,39975.41,30164.51,29813.82,10292.71,10434.81,616.13,618.49,8959.68,8974.55,698.36,749.95,4385.85,4390.99
03:18,MCS 709,28-04-2025 19:19,67188.81,67499.69,2257.31,2304.2,28397.15,28529.43,21862.73,21417.23,5140.23,5097.14,559,563.27,6251.7,6229.94,319.07,381.81,3000.02,2993.54
03:19,MCS 710,28-04-2025 19:21,63344.52,63477.64,1986.71,2013.01,27459.29,27614.44,17885.66,17467.3,4903.26,4856.56,670.25,675,4958.24,4936.55,375.22,432.81,2911.4,2902.64
03:20,MCS 711,28-04-2025 19:23,85064.22,85759.09,1440.33,1505.7,44977.77,45220.94,28550.31,28116.38,8644.82,8659.06,664.88,668.97,4039.97,4042.56,380.72,437.54,4804.87,4822.55
03:21,MCS 712,28-04-2025 19:25,75692.07,76083.15,2856.04,2907.26,34251.87,34515.94,19741.66,19327.18,5724.64,5683.82,212.45,213.47,4160.49,4131.82,508.08,554.99,3693.65,3685.14
03:22,MCS 713,28-04-2025 19:27,67605.83,67826.07,1953.85,1996.77,29709.85,29836.84,20415.22,20025.46,5286.97,5247.6,1062.1,1069.48,5064.72,5065.11,608.27,642.3,3163.7,3155.13
03:23,MCS 714,28-04-2025 19:29,80754.85,81418.59,1133.04,1171.41,36087.3,36229.92,27542.79,27165.68,7611.98,7616.88,381.33,382.98,3520.77,3572.74,337.24,372.76,4683.47,4719.13
S1:8,QC MES 5 ppm,28-04-2025 19:31,4.86,4.86,4.43,4.56,4.72,4.78,5.31,5.21,4.4,4.57,4.67,4.78,4.84,4.92,4.77,4.72,4.74,4.73
S1:9,SJS-Std,28-04-2025 19:33,79550.15,79055.09,19382.67,19368.21,36840.46,36696.47,23866.04,23397.05,15345.52,15247.54,571.87,570.51,12936.92,12954.93,694.48,758.32,3515.26,3507.29
03:24,MCS 715,28-04-2025 19:35,68837.19,69112.19,2131.48,2184.98,30852.91,30980.2,23355.41,22932.81,7603.93,7594.82,526.25,528.68,4622.01,4640.84,519.39,558.33,3589.73,3581.29
03:25,MCS 716,28-04-2025 19:37,69205.15,69503.35,2330.73,2370.71,30038.55,30252.52,17137.94,16761.2,5055.7,5011.34,773.91,776.22,6259.09,6214.19,578.03,619.42,3006.59,2998.41
03:26,MCS 717,28-04-2025 19:39,61859.66,61919.02,1798.3,1828.49,29580.59,29681.62,17393.74,16990.49,4675.56,4628.3,222.34,221.84,5410.92,5417.04,461.04,518.26,3298,3290.01
03:27,MCS 718,28-04-2025 19:41,73220.77,73487.19,1560.01,1596.19,33024.34,33266.16,22413.28,21960.61,6139.57,6106.21,476.3,478.34,4371.29,4365.84,535.62,616.29,3703.72,3696.02
03:28,MCS 719,28-04-2025 19:43,57307.64,57388.54,2315.6,2357.06,28194.74,28316.04,19358.03,18939.92,6740.18,6717.8,448.78,450.5,4771.08,4830.07,656.9,705.64,2928.96,2922.64
03:29,MCS 720,28-04-2025 19:45,48647.7,48304.36,1630.13,1635.33,23350.1,23614.35,11367.74,11112.57,4387.81,4377.69,559.32,562.39,3521.62,3501.74,367.54,399.43,2520.06,2513.67
03:30,MCS 721,28-04-2025 19:47,61488.1,61598.59,2909.64,2967.27,27624.66,27694.35,22425.14,21986.45,5893.76,5850.51,289.01,289.71,6770.74,6789.21,487.2,511.57,3590.5,3580.17
03:31,MCS 722,28-04-2025 19:49,84205.28,84765.8,1357.1,1406.57,37613.24,37451.64,26154.39,25703.8,7659.88,7646.04,217.08,215.39,3835.87,3829.17,425.17,454.03,4849.65,4881.31
03:32,MCS 723,28-04-2025 19:51,68251.1,68404.93,1583.57,1625.04,26969.02,26872.85,20106.85,19696.35,4741.31,4690.74,189.54,190.18,4534.72,4545.48,323.51,346.74,3160.81,3153.42
03:33,MCS 724,28-04-2025 19:53,55570.43,55599.92,2123.16,2153.73,25787.71,25809.82,18396.62,17993.12,5994.87,5962.08,370.29,372.36,4748.43,4757.96,435.72,489.21,2914.84,2909.39
S1:8,QC MES 5 ppm,28-04-2025 19:55,4.89,4.88,4.44,4.58,4.77,4.8,5.37,5.26,4.41,4.59,4.71,4.8,4.86,4.95,4.79,4.74,4.76,4.75
S1:9,SJS-Std,28-04-2025 19:57,79756.52,79177.22,19471.82,19419.76,36871.19,37021.4,23945.21,23477.64,15378.45,15288.91,572.24,569.71,13026.93,13006.96,646.83,737.74,3523,3514.44
03:34,MCS 725,28-04-2025 19:59,67592.92,67822.13,2767.53,2824.73,31563.21,31701.84,17143.25,16731.64,5328.4,5292.44,384.67,384.88,7068.64,7048.35,677.6,732.15,3214.88,3208.74
03:35,MCS 726,28-04-2025 20:01,68035.08,68267.31,2766.08,2813.47,28327.43,28408.67,17139.06,16775.75,5070.92,5034.14,315.19,317.57,6645.21,6663.33,614.54,661.11,3039.95,3034.14
03:36,MCS 727,28-04-2025 20:03,75050.73,75734.87,2906.15,2999.26,29608.61,29672.7,23562.07,23173.88,7849.4,7867.64,279.31,280.89,9012.51,9024.67,385.99,427.63,3492.17,3484.17
03:37,MCS 728,28-04-2025 20:05,71508.29,72024.49,2137.59,2176.56,30460.9,30700.29,18890.76,18490.01,5475.7,5436.78,233.44,233.69,5930.93,5906.54,636.76,654.13,3461.69,3455.32
03:38,MCS 729,28-04-2025 20:07,69041.11,69210.13,2022.59,2058.09,30768.41,30950.36,18111.75,17704.41,5320.53,5278.21,361.56,363.33,5157.21,5130.67,560.1,590.88,3284.24,3276.3
03:39,MCS 730,28-04-2025 20:09,81062.61,81689.27,1516.1,1558.69,39020.19,39009.74,22680.58,22246.31,6380.47,6354.61,228.03,227.5,4465.86,4461.21,542.24,590.56,4142.24,4133.83
03:40,MCS 731,28-04-2025 20:11,66001.34,66269.46,2236.19,2275.48,29702.26,29805.88,20224.33,19795.68,7340.4,7325.91,295.2,296.37,5173.6,5207.23,438.38,500.54,3384.39,3377.49
03:41,MCS 732,28-04-2025 20:13,76929.07,77609.68,1409.32,1448.24,34292.74,34488.83,23342.13,22928.73,6376.35,6358.78,585.38,589.1,4120.23,4098.61,432.16,499.21,3897.47,3892.01
03:42,MCS 733,28-04-2025 20:15,78023.05,78410.25,2526.88,2588.54,29358.65,29515.75,23919.71,23513.53,5721.87,5690.42,285.28,287.5,7389.15,7378.67,424.27,468.29,3301.56,3295.12
03:43,MCS 734,28-04-2025 20:17,83441.09,84136.83,2817.66,2904.36,36811.16,37152.41,26631.73,26188.07,7478.26,7468.51,319,321.61,7186.02,7163.33,601.72,627.14,4160.9,4155.75
S1:8,QC MES 5 ppm,28-04-2025 20:19,4.9,4.88,4.45,4.59,4.77,4.81,5.36,5.26,4.43,4.59,4.7,4.8,4.87,4.95,4.79,4.75,4.76,4.76
S1:9,SJS-Std,28-04-2025 20:21,80033.7,79409.71,19529.54,19506.39,36977.39,37142.79,24005.65,23553.43,15410.71,15330.14,573.67,570.8,13112.51,13056.46,662.43,672.11,3525.15,3519.21
03:44,MCS 735,28-04-2025 20:23,60439.95,60606.79,1434.8,1471.22,26632.65,26733.01,18864.56,18460.55,4764.53,4731.59,546.86,550.71,3709.95,3702.96,396.66,427.81,2912.29,2905.87
03:45,MCS 736,28-04-2025 20:25,76964.5,77454.43,2819.23,2892.74,37684.84,37911.12,25823,25376.24,8822.29,8846.58,609.5,613.2,5498.13,5516.23,620.07,674.93,3919.32,3912.71
03:46,MCS 737,28-04-2025 20:27,69917.68,70573.11,2845.61,2928.49,33371.97,33455.93,25041.58,24691.28,8563.29,8608.94,345.04,345.35,5714.45,5728.96,506.07,551.26,3686.24,3682.39
03:47,MCS 738,28-04-2025 20:29,76523.94,77195.49,2833.93,2902.41,35639.83,35826.23,22228.03,21813.94,5774.08,5748.44,1094.72,1102.29,6668.13,6653.49,1074.93,1110.66,3433.32,3426.17
03:48,MCS 739,28-04-2025 20:31,89719.83,90583.09,1344.3,1386.29,44423.33,44727.58,29148.89,28730.36,8600.67,8625.43,321.36,323.59,4135.91,4133.37,456.7,513.12,5470.36,5481.52
03:49,MCS 740 (Dup. of 599),28-04-2025 20:33,93188.64,94212.32,930.21,996.52,47684.53,47834.63,30108.72,29724.67,9299.32,9352.75,298.56,299.13,3142.41,3141.63,474.73,535.74,5661.7,5694.89
03:50,MCS 741 (Dup. of 624),28-04-2025 20:35,63176.12,63181.83,1583.29,1612.67,28456.05,28504.31,18110.62,17706.25,4406.11,4393.4,166.06,166.37,4608.46,4608.68,429.09,449.92,2789.04,2783.47
03:51,MCS 742 (Dup. of 649),28-04-2025 20:37,82308.53,82933.05,1632.8,1675.18,35277.21,35453.71,22376.65,21997.38,6995.09,6995.94,307.92,310.18,3804.44,3801.77,586.97,629.53,4532.8,4560.05
03:52,MCS 743 (Dup. of 674),28-04-2025 20:39,79270.35,79696.53,1552.06,1595.09,37431.99,37609.01,25199.04,24748.22,7055.12,7047.65,899.54,904.62,3789.46,3794.29,695.38,741.74,4035.76,4029.79
03:53,MCS 744 (Dup. of 699),28-04-2025 20:41,79032.07,79591.94,2888.98,2961.26,39061.71,39293.68,26975.19,26546.05,9356.14,9400.63,340.83,342.69,6026.17,6031.66,309.54,344.24,4448.49,4440.57
03:54,MCS 745 (Dup. of 724),28-04-2025 20:43,63817.86,63902.9,2424.98,2456.31,29492.17,29602.48,21999.8,21535.63,6845.75,6827.92,447.56,451.36,5799.12,5804.09,437.18,490.42,3160.24,3153.69
S1:8,QC MES 5 ppm,28-04-2025 20:45,4.91,4.9,4.47,4.61,4.78,4.82,5.39,5.28,4.43,4.63,4.73,4.82,4.9,4.98,4.8,4.77,4.78,4.78
S1:9,SJS-Std,28-04-2025 20:47,80322.42,79606.61,19603.3,19505.88,37084.89,37159.42,24042.66,23628.96,15444.37,15370.84,575.38,575.23,13115,13072.89,702.26,769.35,3538.63,3528.25
S1:1,Wash,28-04-2025 20:49,0.00 u,0.02,0.00 u,0,0,0,0.00 u,0.04,0,0,0.00 u,0,0.00 u,0,0,0.00 u,0.00 u,0.00 u
S1:1,Wash,28-04-2025 20:51,0.00 u,0.00 u,0,0,0,0.00 u,0,0.04,0,0,0.00 u,0.00 u,0.00 u,0,0,0.00 u,0.00 u,0.00 u
