Rack:Tube,Solution Label,Timestamp,Al 237.312 nm ppm,Al 308.215 nm ppm,Ca 315.887 nm ppm,Ca 422.673 nm ppm,Fe 238.204 nm ppm,Fe 259.940 nm ppm,K 766.491 nm ppm,K 769.897 nm ppm,Mg 279.553 nm ppm,Mg 280.270 nm ppm,Mn 257.610 nm ppm,Mn 293.931 nm ppm,Na 588.995 nm ppm,Na 589.592 nm ppm,P 213.618 nm ppm,P 214.914 nm ppm,Ti 334.941 nm ppm,Ti 336.122 nm ppm,Al 237.312 nm c/s,Al 308.215 nm c/s,Ca 315.887 nm c/s,Ca 422.673 nm c/s,Fe 238.204 nm c/s,Fe 259.940 nm c/s,K 766.491 nm c/s,K 769.897 nm c/s,Mg 279.553 nm c/s,Mg 280.270 nm c/s,Mn 257.610 nm c/s,Mn 293.931 nm c/s,Na 588.995 nm c/s,Na 589.592 nm c/s,P 213.618 nm c/s,P 214.914 nm c/s,Ti 334.941 nm c/s,Ti 336.122 nm c/s
Rack:Tube,Solution Label,Timestamp,Al 237.312 nm ppm,Al 308.215 nm ppm,Ca 315.887 nm ppm,Ca 422.673 nm ppm,Fe 238.204 nm ppm,Fe 259.940 nm ppm,K 766.491 nm ppm,K 769.897 nm ppm,Mg 279.553 nm ppm,Mg 280.270 nm ppm,Mn 257.610 nm ppm,Mn 293.931 nm ppm,Na 588.995 nm ppm,Na 589.592 nm ppm,P 213.618 nm ppm,P 214.914 nm ppm,Ti 334.941 nm ppm,Ti 336.122 nm ppm,Al 237.312 nm c/s,Al 308.215 nm c/s,Ca 315.887 nm c/s,Ca 422.673 nm c/s,Fe 238.204 nm c/s,Fe 259.940 nm c/s,K 766.491 nm c/s,K 769.897 nm c/s,Mg 279.553 nm c/s,Mg 280.270 nm c/s,Mn 257.610 nm c/s,Mn 293.931 nm c/s,Na 588.995 nm c/s,Na 589.592 nm c/s,P 213.618 nm c/s,P 214.914 nm c/s,Ti 334.941 nm c/s,Ti 336.122 nm c/s
S1:1,Blank,7/8/2025 10:58,0,0,0,0,0,0,0,0,0,0,0,0,0,0,0,0,0,0,87.63,285.91,44.96,1153.04,1207.39,801.26,583.86,13722.27,6139.03,1880.72,92.54,14.43,11218.21,740.84,1.54,5.28,196.83,47.42
S1:2,Standard 1,7/8/2025 11:00,1.56,1.56,0.32,0.32,1.58,1.58,0.77,0.77,0.32,0.32,0.33,0.33,0.32,0.32,0.31,0.31,0.34,0.34,7326.4,14218.08,6380.04,67527.02,148593.54,94955.37,38575.04,47178.68,469881.03,143852.18,131306.11,19931.84,162085.11,73999.18,819.13,342.85,104319.84,74908.81
S1:3,Standard 2,7/8/2025 11:02,3.16,3.16,0.66,0.66,3.16,3.16,1.56,1.56,0.64,0.64,0.67,0.67,0.65,0.65,0.63,0.63,0.69,0.69,14739.19,28466.05,12966.15,138986.15,298821.79,191700.53,80745.24,83162.57,939656.18,289339.11,265415.39,40070.34,324332.13,153459.91,1641.43,709.75,213230.6,152939.45
S1:4,Standard 3,7/8/2025 11:04,6.32,6.32,1.31,1.31,6.33,6.33,3.12,3.12,1.28,1.28,1.34,1.34,1.3,1.3,1.27,1.27,1.37,1.37,29442.34,56935.52,25926.71,283115.19,592845.26,378706.07,170380.09,160681.9,1838818.82,568008.94,525596.63,80008.59,667401.47,323118.19,3315.01,1403.66,425450.22,306461.94
S1:5,Standard 4,7/8/2025 11:06,12.5,12.5,2.6,2.6,12.53,12.53,6.17,6.17,2.53,2.53,2.66,2.66,2.57,2.57,2.5,2.5,2.72,2.72,57492.49,112627.57,50247.14,561295.42,1147524.7,734987.19,356654.65,327514.98,3493466.64,1094015.97,1024014.82,156378.81,1376742.77,682393.97,6558.44,2768.02,837151.62,601187.59
S1:6,Standard 5,7/8/2025 11:08,25.05,25.05,5.2,5.2,25.11,25.11,12.37,--,5.08,5.08,5.33,5.33,5.15,5.15,5.02,5.02,5.44,5.44,113941.26,225996.31,98956.4,1134868.14,2237777.21,1427487.04,748857.4,--,6486218.28,2105593.88,1997803.08,308303.36,2914802.05,1478476.28,13040.54,5496.26,1652145.73,1186611.09
S1:7,Standard 6,7/8/2025 11:10,49.69,49.69,10.32,10.32,49.8,49.8,24.54,--,10.07,10.07,10.57,10.57,--,--,9.96,9.96,10.79,10.79,223255.81,447381.12,193014.51,2254755.58,4201882.09,2724959.76,1547722.93,--,11354014.24,3895596.87,3838115.43,596786.86,--,--,25734.44,10858.46,3206050.13,2325759.01
1:01,BLK 1,7/8/2025 11:12,36.45,33.16,11.93,12.93,31.46,32.17,3,-1.12 u,3.85,3.71,0.57,0.58,2.82,3.23,0.27 u,0.34 u,1.05,0.93,842.98,1624.56,1086.37,13707.07,14142.81,9049.92,1382.97,13494.31,29890.19,9081.99,1060.07,166.5,17420.81,4249.08,4.67,6.98,1639.12,968.24
1:02,BLK 2,7/8/2025 11:14,-1.41 u,-0.85 u,4.36,3.69,3.64,3.79,-0.82 u,-0.61 u,0.85,0.81,0.02,0.07,0.93,1.21,0.16,0.04 u,0.05,-0.01 u,57.95,251.08,432.62,4806.75,2734.42,1791.38,361.31,13595.35,11467.28,3479.88,130.08,31.88,13300.57,2079.17,3.39,5.47,262.17,41.53
1:03,BLK 3,7/8/2025 11:16,1.58,-0.38 u,4.52,4.61,4.2,4.29,-0.33 u,-4.00 u,0.94,0.89,0.02,0.07,2.72,2.88,0.05 u,-0.99 u,0.07,-0.01 u,120.05,270.82,434.88,5584.88,2916.64,1890.58,495.47,12920.68,11845.62,3587.59,129.03,32.65,17138.03,3836.39,2.09,0.41,297.69,36.46
S1:8,QC MES 5 ppm,7/8/2025 11:18,5.2,5.16,5.01,5.1,5.22,5.33,4.95,5.71,4.79,4.94,5.15,5.15,5.32,5.49,5.09,5.02,5.07,5.05,24019.36,46557.34,97184.26,1100643.49,477599.47,304171.43,293610.93,270618.33,6567527.99,2133407.18,1954322.76,300496.49,2609849.53,1324199.42,13210.77,5544.01,1546310.93,1112665.82
S1:9,SJS-Std,7/8/2025 11:20,79208.49,78440.81,19944.44,19781.98,36740.21,37629.29,20629.55,23522.32,15433.75,15152.03,589.74,576.18,13299.41,13396.65,666.16,707.14,3518.6,3486.52,45237.18,87386.67,47936.14,529555.59,416804.31,266249.1,151976.57,144904.22,2625868.31,811940.76,27795.22,4176.81,815518.94,401048.54,215.9,101.86,133192.13,95256.64
S1:9,SJS-Std,7/8/2025 11:22,79370.69,78422.5,19941.57,19790.64,36648.36,37665.54,20673.38,23548.02,15409.53,15137.84,589.03,573.53,13332.17,13425.6,644.75,670.84,3516.91,3490.28,45329.64,87366.34,47929.23,529786.88,415765.28,266504.8,152298.25,145047.57,2621756.49,811182.3,27762.02,4157.64,817500.07,401913.53,209.01,96.9,133128.23,95359.46
S1:9,SJS-Std,7/8/2025 11:23,79284.26,78328.04,19871.06,19818.14,36663.42,37628.64,20693.63,23587.23,15352.02,15081.05,586.88,571.41,13303.09,13414.82,651.51,720.41,3506.33,3479.01,45280.37,87261.46,47759.92,530521.53,415935.68,266244.51,152446.82,145266.25,2611994.24,808145.84,27660.82,4142.33,815741.36,401591.37,211.19,103.67,132728.22,95051.59
1:04,MCS 2659,7/8/2025 11:25,87872.17,88469.05,6513.94,6732.13,24375.49,24880.03,29281.73,34828.06,3249.26,3162.8,282.86,277.33,14273.36,14687.24,354.62,379.27,3207.51,3199.5,142049.91,278712.82,44376.96,510821.58,782698.44,498244.94,609632.29,564229.72,1569318.83,481125.83,37751.8,5692.83,2457756.58,1244618.39,324.96,152.09,343813.05,247680.61
1:05,MCS 2660,7/8/2025 11:27,64262.61,64004.53,3593.84,3658.82,55754.2,56861.37,18078.56,20980.17,4714.54,4615.25,1350.24,1320.76,7889.85,7988.89,1008.58,1077.05,10518.22,10440.13,99208.53,192602.06,23396.6,265613.62,1707813.91,1086215.83,359591.97,330334.86,2171596.8,669558.64,171724.72,25833.15,1302377.16,646705.89,879.76,403.31,1076001.24,771516.15
1:06,MCS 2661,7/8/2025 11:29,80571.52,80475.9,2082.12,2142.71,31234.74,31875.17,35176.86,41775.49,4207,4100.08,400.08,392.61,7149.92,7225.76,224.68,246.6,3442.42,3413.06,107487.18,209256.41,11736.68,134996.72,827450.4,526630.68,604270.28,558544.39,1676062.72,514479.64,44041.65,6647.02,1022393.53,505657.97,170.61,84.04,304473.98,218004.01
1:07,MCS 2662,7/8/2025 11:31,80269.56,80237.79,1161.43,1203.67,31504.77,32096.37,40373.65,48299.28,3091.2,3015.91,238.48,232.49,3649.85,3762.15,322.33,366.66,4089.69,4072.94,110529.72,215346.53,6776.7,78760.65,861426.5,547327.56,715763.69,663906.8,1272664.51,391075.45,27133.43,4068.46,544016.37,272094.63,251.9,126.15,373324.87,268518.18
1:08,MCS 2663,7/8/2025 11:33,92051.91,92251.05,4928.87,5131.62,46288.64,47204.88,24978.7,29418.41,6921.66,6838.6,776.18,762.38,13183.29,13575.25,299.15,357.09,5731.92,5693.08,140498.69,274404.2,31716.43,367959.33,1402380.98,891901.99,491120.95,452758.07,3150135.35,980244.64,97661.28,14752.58,2144738.17,1086247.15,259.14,135.79,579963.27,416074.13
1:09,MCS 2664,7/8/2025 11:35,47853.87,47355.77,1915.35,1932.85,26877.12,27394.81,21300.64,24774.24,2049.4,1993.85,323.17,318.26,3129.54,3183.91,277.97,288.88,3560.65,3549.82,68865.94,132874.31,11641.63,131333.56,767802.71,488076.23,394733.01,362097.29,883271.22,270656.91,38369.72,5811.59,488438.13,240630.01,227.08,104.76,339546.46,244473.07
1:10,MCS 2665,7/8/2025 11:37,46583.31,46271.44,7796.82,8025.66,3192.79,3235.88,28057.75,33260.39,397.3,381.85,39.35,38.55,11465.46,11749.28,122.64,130.72,384.8,381.73,74597.44,144462.38,52580.43,602710.78,102552.27,64855.31,578373.2,534224.7,195376.21,59165.1,5279.81,795.96,1956931.19,985909.1,112.28,55.38,41010.28,29298.34
1:11,MCS 2666,7/8/2025 11:39,73399.68,72953.5,1324.44,1356.84,36813.73,37491.16,24896.34,29030.98,4363.43,4266.54,487.85,478.3,4078.34,4171.64,308.79,347.82,4461.46,4459.41,109701.14,212519.56,8377.05,96106.81,1092217.24,693700.75,479256.88,437896.09,1946583.55,599480.49,60131.79,9067.1,657403.93,327323.44,261.87,129.73,442002.72,319093.16
1:12,MCS 2667,7/8/2025 11:41,65511.84,65271.26,4122.72,4285.07,14491.06,14896.59,34369.16,41099.62,1801.68,1760.13,261.96,256.03,9096.69,9277.43,220.96,227.99,1684.82,1670.64,102030.91,198146.36,27070.53,313624.41,448702.27,287679.25,689142.89,639455.03,841008.46,258771.41,33686.2,5063.76,1513067.69,757542.69,195.65,90.29,174047.17,124592.49
1:13,MCS 2668,7/8/2025 11:43,69092.81,68220.85,1847.96,1888.1,39961.59,40794.1,28393.98,33158.14,3775.09,3694.15,694.43,680.28,4328.75,4454.9,529.43,599.74,5014.93,5008.79,81548.48,156972.35,9223.24,105469.9,936199.34,596031.44,431582.54,396210.93,1331537.27,410383.58,67564.87,10179.38,552698.25,276081.52,353.92,174.7,392267.91,282961.24
S1:8,QC MES 5 ppm,7/8/2025 11:45,5.25,5.16,4.97,5.08,5.14,5.28,4.96,5.73,4.75,4.9,5.12,5.12,5.31,5.48,5.01,4.93,5.05,5.02,24238.69,46549.82,96345.17,1097402.86,470747.53,301215.07,294629.26,271643.01,6519064.12,2115607.15,1942585.17,298659.49,2602073.07,1322432.05,13010.79,5440.92,1541721.8,1106665.64
S1:9,SJS-Std,7/8/2025 11:47,79892.16,78671.2,19873.76,19899.86,36459.15,37670.24,20802.99,23681.26,15307.66,15057.72,588.62,571.24,13345.74,13472.48,648.08,691.41,3523.13,3496.41,45626.87,87642.5,47766.41,532704.44,413624.98,266537.95,153249.37,145790.6,2604465.12,806898.7,27742.48,4141.11,818320.39,403314.42,210.08,99.71,133363.24,95526.76
1:14,MCS 2669,7/8/2025 11:49,78463.85,78126.1,1397.91,1435.66,31215.32,31896.22,33164.03,39290.82,3703.58,3615.83,295.92,289.09,4286.23,4344.28,430.14,464.52,4633.88,4620.75,104465.53,202743.13,7878.71,90649.05,825261.39,525910.4,568572.58,525100.49,1473254.14,453020.68,32533.62,4888.36,616167.1,303691.79,324.57,153.33,408956.39,294527.94
1:15,MCS 2670,7/8/2025 11:51,66711.98,66632.18,696.47,726.67,14927.28,15275.82,42088.31,51016.55,2261.28,2209.18,136.56,132.16,3600.91,3707.74,180.52,189.96,2387.43,2380.56,107091.42,208484.39,4750.93,55772.39,476351.28,304030.6,869725.03,814328.06,1086212.58,334227.03,18143.06,2700.9,624008.19,312501.03,165,78.28,254124.69,182975.23
1:16,MCS 2671,7/8/2025 11:53,81263.78,80958.45,2337.01,2426.9,25808.91,26354.89,36135.38,42906.76,3513.54,3432.51,255.83,249.22,14164.83,14449.33,129.51,163.96,3247.53,3223.48,101826.87,197733.5,12370.42,143535.75,642431.76,409143.26,583032.34,539290.88,1316043.96,404938.79,26487.48,3968.74,1892730.28,949061.34,93.07,54.46,269802.48,193387.55
1:17,MCS 2672,7/8/2025 11:55,50471.57,49867.94,2492.27,2552.01,11755.84,11986.13,26861.32,31622.87,1556.95,1514.85,107.62,104.53,5731.84,5795.63,175.51,164.25,2060.14,2046.16,71056.1,136881.99,14807.64,169309.98,329243.16,209379.49,486856.03,448765.22,658060.47,201660.96,12562.81,1877.14,866318.55,427944.66,140.86,60.62,192284.71,137883.74
1:18,MCS 2673,7/8/2025 11:57,51711.73,50606.93,2413.51,2433.08,28101.73,28727.29,24445.8,28153.73,2394.82,2319.3,667.38,654.16,3932.15,3985.31,359.19,366.81,5248.52,5254.12,47459.72,90597.12,9358.92,105601.75,512083.45,326487.68,288901.51,266059.71,659434.94,201156.86,50475.49,7609.34,393398.33,192127.49,187.3,85.79,319023.64,230636.51
1:19,MCS 2674,7/8/2025 11:59,55481.94,54511.63,4261.65,4315.15,24677.84,25223.28,29977.9,34999.26,3298.31,3215.19,339.17,331.95,3367.11,3432.99,369.75,382.81,3580.63,3565.31,58002.13,111132.67,18784.8,212232.12,512408.49,326644.46,403458.89,371165.28,1031390.66,316660.28,29268.86,4405.87,384122.68,188596.2,219.43,101.02,248041.23,178342.1
1:20,MCS 2675,7/8/2025 12:01,80446.4,79510.14,3880.04,4010.9,23230.92,23778.48,39117.28,46268.97,2716.06,2646.37,399.45,389.57,12850.63,13041.4,266.87,294.37,2885.76,2871.94,83587.83,161054.66,17010.57,196243.46,479723.24,306248.66,523320.63,483597.98,845645.46,259510.73,34261.22,5139.15,1426391.17,710352.72,157.92,78.49,198817.7,142858.71
1:21,MCS 2676,7/8/2025 12:03,81471.83,80159.75,1512.41,1540.47,28184.5,28952.61,34931.12,40853.57,3118.71,3037.57,233.68,225.27,6978.66,7050.88,350.17,344.77,3152.15,3137.63,78442.47,150466.18,6172.42,70579.67,539127.4,345403.07,433102.07,398137.51,899315.27,275879.88,18613.62,2760.16,723307.43,356222.77,191.66,84.73,201221.2,144613.43
1:22,MCS 2677,7/8/2025 12:05,69157.62,67820.79,2230.48,2273.57,18143.93,18515.22,38752.18,45288.16,2338.48,2265.07,204.8,197.81,7302.94,7426.78,164.04,155.57,2494.59,2482.99,58247.93,111394.49,7946.97,90753.15,304015.03,193503.6,420165.17,386357.15,591767.94,180542.69,14286.47,2122.79,662829.09,328159.11,79.42,36.63,139310.32,100085.88
1:23,MCS 2678,7/8/2025 12:07,56429.45,55303.63,7916.57,8082.31,30849.03,31328.83,31671.04,36945.51,2157.5,2097.17,623.05,610.53,4282.37,4420.63,307.44,345.87,7453.39,7425.82,56128.85,107278.47,33165.01,377294.32,609191.62,385851.47,405530.33,372706.76,644190.53,197224.73,51085.22,7698.82,462439.89,230885.97,173.9,87.58,491036.73,353353.9
S1:8,QC MES 5 ppm,7/8/2025 12:09,5.23,5.13,4.93,5.06,5.11,5.22,4.94,5.71,4.68,4.86,5.1,5.09,5.28,5.42,4.93,4.88,5,4.98,24157.23,46304.84,95589.4,1091143.51,467418.03,297833.67,293434.57,270931.14,6424618.91,2099924.78,1934146.64,297052.72,2587901.19,1308104.44,12815.02,5386.8,1525324.01,1097995.21
S1:9,SJS-Std,7/8/2025 12:11,79962.25,77957.27,19679.48,19715.84,36258.68,37116.56,20691.68,23594.4,15164.79,14938.99,585.39,569.73,13296.14,13419.85,637.7,668.6,3471.4,3457.1,45666.82,86849.75,47299.9,527789.04,411357.38,262632.13,152432.53,145306.2,2580213.96,800551.13,27590.89,4130.25,815321.2,401741.64,206.74,96.59,131407.82,94453.39
1:24,MCS 2679,7/8/2025 12:13,74893.67,73871.34,12925.15,13143.13,30054.76,30607.22,21572.31,25074.34,3730.95,3674.16,298.31,289.9,6944.17,7040.63,218.01,272.76,3526.74,3509.73,96437.75,185417.85,70092.8,793507.74,768514.79,488108.04,357887.34,329330.97,1435458.87,445213.12,31719.49,4741.19,959050.69,475567,159.87,89.36,301057.08,216362.23
1:25,MCS 2680,7/8/2025 12:15,58776.3,57795.71,1202.77,1247.28,9434.3,9571.15,38231.59,45698.98,1352.96,1309.46,113.03,110.4,6343.3,6376.86,182.74,201.35,2013.31,2002.5,77687.99,148932.61,6734.52,78321.22,248391.2,157186.94,650440.12,604032.4,538063.9,164031.26,12390.45,1861.75,899766.58,442091.94,137.74,68.97,176457.6,126707.64
1:26,MCS 2681,7/8/2025 12:17,72041.78,70749.2,2200.65,2226.27,39921.28,40710.29,23323.64,26949.77,4814.29,4703.49,814.21,795.07,3453.81,3500.31,183.47,249.26,4921.84,4921.49,76985.81,147399.02,9940.39,112511.33,846846.52,538584.5,321108.5,295170.74,1536403.83,472767.64,71715.01,10770.2,402360.19,196604.65,112.09,69.03,348568.5,251718.66
1:27,MCS 2682,7/8/2025 12:19,72159.61,71858.48,5973,6242.97,14957.11,15331.79,36137.49,43375.97,2032.51,1988.67,325.66,319.09,12383.98,12772.06,268.31,252.3,1463.81,1450.93,107879.8,209393.24,37631.91,438169.35,444601.26,284238.85,695583.33,647671.56,910265.48,280506.27,40182.1,6055.5,1973933.72,1000902.02,227.81,95.58,145194.73,103882.71
1:28,MCS 2683,7/8/2025 12:21,72194.48,71635.18,2064.02,2141.05,55644.74,57049.32,20930.2,24378.6,4716.31,4645.12,663.74,650.54,6146.54,6221.47,622.34,675.2,7603.52,7547.69,125801.71,243284.93,15185.64,175863.65,1924091.16,1230225.68,469815.08,429059.66,2451738.52,760531.65,95341.62,14371.13,1146791.08,568662.74,613.32,286.98,878164.79,629697.9
1:29,MCS 2684,7/8/2025 12:23,83826.45,82816.41,1231.81,1270.57,36760.19,37419.77,28668.05,33637.02,4550.77,4453.15,255.44,248.33,3719.77,3772.28,256.81,303.45,4367.15,4367.15,105370.21,202909.53,6562.32,75933.25,917432.47,582432.82,464145.01,427060.13,1708155.39,526456.1,26531.84,3967.3,506892.48,249108.82,183.62,96.6,363909.21,262819.31
1:30,MCS 2685,7/8/2025 12:25,55244.18,54223.85,1774.15,1816.24,20699.81,21098.86,25566.4,29897.2,2364.49,2312.25,201.73,194.9,4614.87,4743.72,180.59,218.59,3439.59,3440.73,77224.45,147776.31,10480.58,119992.6,574782.76,365391.95,460182.01,422152.58,989278.7,304693.75,23305.82,3463.34,694875.59,347965.46,143.89,78.41,318664.8,230208.2
1:31,MCS 2686,7/8/2025 12:27,81639.02,80464,1259.48,1295.79,35328.26,35963.88,26812.01,31410.56,4470.74,4376.28,252.25,245.72,3608.45,3713.3,266.25,279.27,4545.94,4545.35,104358.21,200485.79,6821.5,78708.35,896644.69,569263.97,441470.48,406233.41,1706521.56,526125.16,26643,3991.87,500195.14,249362.94,193.51,90.74,385206.55,278170.2
1:32,MCS 2687,7/8/2025 12:29,49284.34,48306.59,1791.1,1823.11,28741.86,29353.82,18815.52,21858.21,2663.6,2606.22,229.88,223.96,3921.08,3999.49,249.13,296.35,3083.35,3066.39,70419.2,134576.6,10812.39,123071.11,815171.34,519216.04,346277.32,318910.8,1138052.04,350713.42,27126.82,4065.01,604896.09,299941.2,202.24,106.61,291971.54,209687.59
1:33,MCS 2688,7/8/2025 12:31,66997.63,66035.62,2009.95,2084.49,35613.35,36297.11,26750.38,31780.21,4019.32,3940.46,418.16,409.16,4366.96,4440.58,234.22,269.97,3842.67,3866.34,108971.96,209351.44,13805.72,159905.34,1149804.45,730846.03,560301.91,519052.18,1951329.63,602524.69,56097.95,8441.98,764207.84,379063.14,216.43,110.41,414313.91,301078.57
S1:8,QC MES 5 ppm,7/8/2025 12:33,5.27,5.13,4.91,5.05,5.1,5.21,4.95,5.72,4.69,4.85,5.08,5.08,5.29,5.42,4.94,4.88,5.01,4.98,24315.47,46266.75,95237.08,1090507.07,466680.6,297517.77,293923.85,271261.03,6431303.33,2093057,1925987.91,296213.16,2592964.83,1307840.49,12821.77,5388.78,1527386.44,1097710.47
S1:9,SJS-Std,7/8/2025 12:35,79933.12,77821.53,19593.85,19678.52,36144.24,36923.17,20659.55,23536.27,15093.56,14874.11,584.36,566.53,13234.1,13367.59,654.88,715.94,3466.18,3447.66,45650.22,86699.02,47094.27,526792.09,410062.78,261267.93,152196.72,144982.02,2568124.11,797082.39,27542.76,4107.12,811569.2,400180.12,212.27,103.06,131210.57,94195.64
1:34,MCS 2689,7/8/2025 12:37,67201.15,65859.67,4761.55,4898.94,49677.04,50452.53,17680.05,20437.84,5137.25,5039.83,1394.34,1363.11,10576.34,10786.75,1079.82,1134.96,7743.75,7711.88,87829.29,167798.29,26234.57,300892.91,1288371.39,816037.69,297782.02,274803.97,2003529.29,619058.21,150122.57,22570.52,1476322.78,739045.72,797.46,360.32,670643.99,482433.66
1:35,MCS 2690,7/8/2025 12:39,71463.11,70248.57,1310.51,1362.26,23449.19,23886.48,39470.49,47224,2820.13,2750.85,328.37,320.4,5553.22,5619.88,148.96,182.56,2908.08,2891.55,94052.31,180222.06,7303.93,85090.8,613078.02,389493.92,668756.55,621238.3,1110356.98,341125.94,35674.35,5353.71,785914.53,388110.29,112.11,62.79,253752.56,182192.93
1:36,MCS 2691,7/8/2025 12:41,65643.79,64789.31,655.08,708.12,19102.5,19590.35,45738.6,55268.58,1743.87,1697.93,266.62,260.81,4055.59,4157.03,114.14,128.79,2647.51,2630.72,89389.09,171984.41,3799.11,46295.71,516915.65,330622.47,801673.83,749345.6,712589.25,218526.26,29983.81,4511.18,596577.75,297199.18,89.2,47.26,239025.42,171500.22
1:37,MCS 2692,7/8/2025 12:43,63402.79,62418.01,5310.77,5501.96,41253.05,42113.19,18117.84,21094.45,4311.87,4227.78,1076.33,1053.82,11632.07,11892.71,911.28,956.49,8025.7,7991.91,98816.61,189626.78,34882.36,402636.42,1276005.26,812371.02,363809.28,335100.78,2005564.21,619346.65,138214.39,20811.75,1932971.2,971547.82,802.62,362.14,828907.85,596248.25
1:38,MCS 2693,7/8/2025 12:45,66590.3,65653.57,1726.03,1809.16,18318.25,18743.28,40331.89,48727.77,2173.17,2125.91,177.11,171.53,6574.06,6641.05,146.1,163.86,2134.83,2122.54,99053.29,190363.15,10851.15,127151.34,541472.12,345540.48,772296.65,722258.96,967909.35,298215.51,21784.25,3245.34,1047819.38,518140.47,124.12,63.63,210584.6,151172.28
1:39,MCS 2694,7/8/2025 12:46,82718.56,81633.95,1462.83,1522.2,39266.3,40078.42,26675.2,31390.51,5432.4,5336.09,548.55,536.16,5024.68,5086,298.36,357.83,5057.55,5042.07,115357.05,221891.21,8632.24,100555.45,1087083.21,691984.52,479161.46,441700.56,2260408.51,699307.53,63087.29,9483.51,754107.47,372278.84,236.26,124.75,467539.98,336656.24
1:40,MCS 2695,7/8/2025 12:48,91394.43,89974.82,1719.11,1771.56,78605.88,80027.81,18125.01,20943.24,6128.8,6019.75,1006.32,986.49,5234.5,5367.32,505.7,570.47,8367.93,8320.9,113280.4,217365.08,9014.16,103971.13,1933189.01,1227424.89,289592.46,267500.95,2266497.27,701146.63,102802.91,15498.81,699043.34,349216.44,355.11,174.56,687424.93,493760.89
1:41,MCS 2696,7/8/2025 12:50,85794.91,84451.2,2320.6,2389.81,44427.1,45134.74,24969.32,29240.39,5824.63,5722.32,780.89,766.99,3898.86,3992.1,233.53,294.66,5400.32,5377.49,114640.94,219945.48,13097.62,150681.34,1178387.91,746611.77,429810.13,395703.01,2322026.29,718490.73,86016.54,12993.33,563535.1,280164.74,177.56,99.55,478331.05,344025.68
1:42,MCS 2697,7/8/2025 12:52,80356.08,79110.89,2107.08,2192.91,30084.11,30485.1,33806.53,40155.69,3822.85,3737.94,350.52,341.63,7160.28,7192.86,295,339.56,3629.93,3628.97,103257.21,198150.22,11441.32,133090.17,767719.62,485187.7,559397.59,518142.31,1467720.42,452002.45,37180.21,5573.43,986583.19,484857.99,215.35,109.74,309237.3,223261.57
1:43,MCS 2698,7/8/2025 12:54,98309.83,97815.09,1150.37,1226.2,26691.63,27180.12,61039.84,74879.37,3538.09,3482.54,403.88,395.51,6603.46,6664.12,172.39,187.9,2689.93,2677.84,128942.83,250037.94,6396.75,76467.65,695478.33,441688.72,1030618.56,973961.41,1387086.03,430000.53,43717.52,6584.45,929510.55,458633.36,129.1,64.29,233989.43,168196.68
S1:8,QC MES 5 ppm,7/8/2025 12:56,5.28,5.18,4.95,5.12,5.14,5.26,4.98,5.76,4.72,4.87,5.13,5.11,5.3,5.48,4.96,4.9,5.08,5.04,24403.03,46747.16,95945.86,1104269.1,470292.5,300276.77,295837.59,273184.16,6476736.34,2104655.3,1943716.81,298158.79,2600786.43,1323216.02,12885.12,5403.97,1550393.57,1110725.56
S1:9,SJS-Std,7/8/2025 12:58,80575.28,78498,19728.21,19870.94,36329.34,37283.36,20756.01,23654.83,15175.57,14965.31,588.16,571.59,13317.23,13461.99,647.12,734.54,3502.83,3481.67,46016.26,87450.18,47416.92,531931.91,412156.59,263808.78,152904.58,145643.21,2582043.9,801958.02,27721.13,4143.67,816596.15,403000.87,209.77,105.6,132595.72,95124.33
1:44,MCS 2699,7/8/2025 13:00,81925.85,80422.47,1844.59,1891.46,35417.06,35898.46,29057.14,33905.1,4359.5,4279.27,283.77,275.96,6150.4,6235.47,215.13,264.84,4248.61,4222.64,87562.05,167562.71,8341.8,95792.14,751657.13,475160.46,400019.19,367913.22,1392255.63,430423.77,25062.06,3748.66,707953.81,349756.93,131.21,73.03,301005.72,216045.22
1:45,MCS 2700,7/8/2025 13:02,83334.87,82382.97,2087.59,2178.08,42942.88,43845.33,33043.61,39364.33,5323.6,5237.44,415.58,405.83,4385.14,4462.96,275.08,300.01,4084.96,4083.75,118032.12,227422.21,12491.5,145609.92,1207328.82,768773.81,602688.34,558809.57,2249812.46,697120.17,48564.26,7293.83,669692.25,331864.51,221.33,107.02,383570.89,276942.6
1:46,MCS 2701,7/8/2025 13:04,61590.11,60492.92,858.3,881.11,25481.47,25952.1,30642.08,36266.96,2983.92,2918.01,471.61,461.15,3104.23,3208.4,287.69,312.41,4098.2,4079.16,81883.62,156789.3,4846.85,55988.83,672782.21,427346.42,524513.24,484964.79,1186219.58,365354.57,51708.46,7776.31,448618.71,224111.08,217.23,104.69,361106.31,259583.46
1:47,MCS 2702,7/8/2025 13:06,50607.88,49457.18,1832.27,1851.95,23438.86,23937.76,18184.62,20904.87,2981.75,2914.33,235.27,228.69,3519.3,3617.43,264.25,269.97,3342.74,3328.11,58116.1,110757.5,8895.41,100663.07,534552.6,340487.51,269032.19,248243.82,1024253.81,315300.55,22324.18,3337.69,439356.54,218180.45,172.59,79.45,254358.69,182868.6
1:48,MCS 2703,7/8/2025 13:08,86539.54,85514.52,1566.24,1626.73,47188.07,48165.15,21427.86,25041.08,5273.81,5191.66,567.63,554.31,3493.87,3627.18,258.76,292.35,5484.31,5457.44,127241.22,245052.5,9739.45,113159.42,1377133.87,876628.38,405930.34,373703.05,2313639.56,717340.23,68824.76,10336.65,555877.1,280123.21,216.17,108.2,534539.86,384204.61
1:49,MCS 2704,7/8/2025 13:10,88961.1,87232.81,930.12,955.16,42574.32,43336.38,28866.73,33670.09,5049.42,4935.08,645.53,632.29,3080.47,3120.35,240.83,264.62,4742.07,4744.38,93829.42,179351.1,4173.76,48318.54,891493.84,565942.71,392203.17,360850.29,1590584.9,489624.78,56149.43,8458.57,355611.04,173106.99,144.8,72.09,331545.14,239554.61
1:50,MCS 2705,7/8/2025 13:12,79843.38,78473.08,1606.23,1663.78,23805.63,24444.06,32383.83,37979.91,3237.18,3176.07,237.99,230.29,5942.42,5961.38,200.25,182.85,2517.84,2507.95,90872.4,174103.23,7738.66,89804.22,538366.31,344769.99,474646.58,436235.53,1102224.81,340591.68,22393.06,3333.07,728089.96,356074.73,130.08,55.1,190036.25,136662.68
1:51,MCS 2706,7/8/2025 13:14,70127.79,68956.95,942.87,966.68,38031.23,38797.91,17451.79,20190.15,3481.98,3420.42,341.42,334.92,1998.21,2023.68,241.78,256.41,5453,5424.49,95142.64,182365.45,5428.74,62554.88,1024204.17,651626.9,305133.69,281476.68,1411585.05,436719.64,38229.72,5767.84,298580.37,144535.65,186.55,88.55,490318.85,352296.2
1:52,MCS 2707,7/8/2025 13:16,46550.68,45595.76,380.96,443.08,13073.43,13376.87,33252.39,39701.47,1239.52,1203.2,229.77,222.67,1838.37,1873.21,250.07,254.46,2345.79,2331.76,68296.78,130434.41,2396.49,31576.66,381357.41,243374.36,627880.42,582883.56,546984.39,167236.99,27838.16,4149.57,297012.85,144627.04,208.39,94.61,228121.18,163731.07
1:53,MCS 2708,7/8/2025 13:18,52615.35,51266.79,786.67,811.11,18860.28,19295.32,35364.12,41817.29,1329.93,1291.92,343.02,335.73,2643.56,2715.17,195.28,201.6,3756.71,3734.35,58114.18,110426.8,3699.7,43071.46,413980.46,264153.91,502707.4,464936.11,442902.95,135513.75,31268.41,4706.91,320538.29,157714.41,123.12,58.55,274926.97,197350.75
S1:8,QC MES 5 ppm,7/8/2025 13:20,5.26,5.13,4.88,5.05,5.1,5.18,4.94,5.72,4.66,4.82,5.08,5.07,5.3,5.43,4.9,4.85,4.99,4.97,24274.02,46243.74,94611.43,1090851.78,467220.66,295976.96,293495.14,271027.86,6392617.16,2082543.95,1927322.61,295677.58,2596650.61,1310753.48,12735.78,5350.47,1523720.35,1095254.95
S1:9,SJS-Std,7/8/2025 13:22,80154.6,77856.51,19519.97,19664.24,35949.74,36975.23,20651.82,23507.44,15016.59,14804.89,583.95,566.03,13247.17,13403.54,641.56,662.16,3469.45,3448.39,45776.47,86737.86,46916.88,526410.65,407862.71,261635.14,152140.02,144821.23,2555059,793382,27523.36,4103.47,812359.33,401254.15,207.99,95.71,131334.06,94215.59
1:54,MCS 2709,7/8/2025 13:24,74801.22,73128.23,1867.86,1939.53,21720.02,22252.57,34652.76,40977.97,2823.73,2756.22,211.7,204.42,6526.62,6605.02,304.89,324.39,3186.55,3168.7,85472.41,162898.82,9026.87,104901.34,493225.29,315158.48,509848.01,471373.36,965978.53,296968.37,20007.11,2971.81,801650.41,395981.48,198.01,94,241396.21,173331.55
1:55,MCS 2710,7/8/2025 13:26,63564.47,61909.34,1526.36,1563.75,42020.72,42939.86,28003.31,32732.12,2854.97,2797.2,276.67,267.72,3124.46,3200.9,605.26,655.98,4853.67,4855.56,73227.91,139056.21,7443.58,85471.53,960728.75,612269.89,415428.01,382214.66,984383.63,303758.11,26327.6,3918.56,392653.68,193817.57,394.7,186.13,370533.61,267709.49
1:56,MCS 2711,7/8/2025 13:28,63620.71,62412.71,1251,1308.33,19298.56,19456.62,35280.82,42323.66,2125.77,2074.16,181.08,174.93,4499.67,4583.05,151.19,177.22,2960.28,2941.55,94353.78,180433.51,7853.44,91995.57,568662,357577.55,673606.08,627276.24,944083.91,290127.67,22202.95,3299.36,718581.63,356722.57,128,68.2,291050.46,208851.58
1:57,MCS 2712,7/8/2025 13:30,67009.35,65695.7,3595.33,3774.24,16900.69,17309.25,31823.48,37916.36,2623.3,2573.35,334.17,326.28,12121.65,12373.86,343.57,355.29,2257.6,2243.1,93829.56,179319.14,21232.89,248576.71,470400.82,300474.65,573748.88,532686.41,1098962.89,339526.44,38618.19,5799.29,1810355.79,908184.46,272.87,124.37,209621.9,150380.14
1:58,MCS 2713,7/8/2025 13:32,47009.68,45541.94,791.63,794.77,21781.08,22345.48,20303.58,23403.14,2594.09,2534.8,202.81,197.15,2690.77,2716.41,136.58,156.01,2486.48,2472.67,51394.25,97112.79,3684.62,41801.23,472960.23,302620.79,285877.54,263625.91,849229.4,261355.15,18333.43,2741.44,322796.21,156157.67,85.69,46.08,180147.98,129335.45
1:59,MCS 2714,7/8/2025 13:34,57505.14,55775.13,1810.98,1827.34,31837,32272.67,20052.52,22962.57,3261.77,3166.28,296.79,288.98,4261.61,4368.75,235.74,253.27,3748.3,3725.75,51433.09,97299.87,6856.73,77612.19,565333.93,357418.08,231098.2,214321.06,873404.53,267041.74,21930.86,3284.54,414931.58,205228.96,120.37,59.46,222125.48,159420.39
0.083333333,MCS 2715,7/8/2025 13:36,87303.42,86245.32,1117.01,1176.18,25035.42,25583.43,56376.81,68321.91,2780.15,2713.68,398.95,390.01,3707.9,3826.76,218.09,211.76,3984.21,3948.3,98774.12,190201.32,5364.03,63456.9,562811.6,358697.11,821049.57,769333.99,941970.33,289587,37257.01,5601.73,455910.01,227504.57,140.71,62.63,298840.39,213864.2
2:01,MCS 2716,7/8/2025 13:38,92482.85,90930.47,6921.5,7150.31,24534.92,25049.75,29323.42,34045.4,3266.15,3183.29,369.25,357.59,14124.98,14410.9,310.55,329.47,3521.17,3498.42,84144.92,161284.41,26546.22,305698.84,443742.66,282567.55,343716.69,316472.81,890142.22,273246.83,27750.37,4133.53,1373309.94,687368.12,160.88,77.03,212416.21,152379.78
2:02,MCS 2717,7/8/2025 13:40,83899.13,82631.43,6410.69,6665.2,39600.94,40352.72,22923.02,26676.94,3402.12,3325.35,731.91,716.17,13173.01,13449.22,323.87,373.34,4801.98,4789.93,101646.4,195137.28,32735.1,379235.39,952500.77,605312.28,357828.11,329664.88,1232484.69,379420.34,73104.7,11001.39,1703019.51,854180.6,222.86,113.56,385643.84,277823.18
2:03,MCS 2718,7/8/2025 13:42,100301.08,98473.95,7358.91,7619.78,44971.55,45766.51,22990.01,26617.52,6941.1,6818.93,694,677.02,9915.34,10004.84,323.65,320.42,4691.54,4691.8,106157.15,203149.72,32828.07,378760.95,944989.75,599770.13,313593.38,289122.81,2191969.83,678221.71,60574.35,9088.27,1123710.29,555380.67,194.76,86.47,329187.92,237747.96
S1:8,QC MES 5 ppm,7/8/2025 13:44,5.27,5.14,4.89,5.08,5.08,5.2,4.96,5.73,4.67,4.82,5.09,5.08,5.28,5.46,4.91,4.84,5.01,4.98,24316.71,46373.06,94918.12,1095868.89,465267.51,296960.78,294485.46,271823.89,6408612.58,2081904.74,1928814.24,296520.56,2587614.91,1316577.26,12754.43,5345.4,1527979.95,1098190.46
S1:9,SJS-Std,7/8/2025 13:46,80612.01,78260.2,19580.11,19811.35,36195.93,37012.26,20758.22,23612.17,15059.16,14836.95,585.78,568.07,13248.48,13399.46,659.85,667.92,3485.72,3462.74,46037.19,87186.12,47061.29,530340.13,410647.48,261896.36,152920.79,145405.34,2562284.06,795095.65,27609.02,4118.23,812438.73,401132.33,213.87,96.5,131949.2,94607.49
2:04,MCS 2719,7/8/2025 13:48,62319.17,60973.89,640.03,680.96,27221.95,27779.5,24167.99,28272.47,2906,2848.03,356.98,348.17,2310.71,2340.9,218.46,233,3145.97,3133.82,85707.94,163477.3,3749.25,44995.05,743411.48,473137.17,428076.95,393763.86,1195061.26,368879.64,40511.03,6076.83,348043.44,169339.4,170.98,81.98,286808.16,206316.88
2:05,MCS 2720,7/8/2025 13:50,90060.75,88831.76,3926.28,4080.43,71866.43,73472.97,16974.72,19625.79,7128.92,7049.55,937.98,918.8,7995.72,8078.32,364.51,442.18,9019.55,8975.54,121259.49,233112.55,22298.5,258420.8,1920058.29,1224192.18,294621.13,272070.63,2862368.08,891475.73,104093.78,15681.52,1152592.94,570515.56,278.4,147.82,804898.88,578586.39
2:06,MCS 2721,7/8/2025 13:52,78119.12,76648.92,1064.02,1112.35,29218.18,29655.67,41956.8,50300.49,3150.15,3086.15,352.58,343.78,4200.48,4326.57,185.52,205.08,3967.62,3979.74,95671.04,182982.07,5529.34,64932.22,710666.45,449861.29,661522.33,615879.19,1153921.39,356046.81,35644.95,5345.47,556508.8,278254.78,129.68,65.4,322110.43,233331.6
2:07,MCS 2722,7/8/2025 13:54,61401.97,60363.39,1370,1423.16,31361.88,32048.19,21458.69,25112.3,3273.86,3198.74,678.63,663.4,3003.73,3078.9,248.4,301.29,4355.2,4333.31,104624.03,200482.7,9870.53,114694.33,1060793.61,676044.49,470934.73,432018.54,1665913.21,512654.53,95306.09,14328.56,553781.54,275528.42,240.28,128.18,491871.61,353483.16
2:08,MCS 2723,7/8/2025 13:55,76448.85,75393.86,1099.83,1156.8,34793.82,35561.69,34695.49,41502.29,4052.84,3961.06,388.14,379.31,4060.98,4164.55,214.53,256.66,4181.02,4156.19,109185.82,209880.84,6656.82,78513.21,986573.52,628860.32,638044.06,593192.22,1728441.29,532059.68,45739.4,6874.82,626086.18,312293.16,174.37,93.04,395848.09,284197.12
2:09,MCS 2724,7/8/2025 13:57,51083.87,50351.25,4543.93,4775.51,10987.6,11234.16,20711.97,24556.41,2032.97,1983.66,144.99,140.32,9127.56,9402.12,190.99,198.63,1277.85,1265.12,100362.94,192824.89,37619.47,440435.18,429225.55,273713.02,524021.58,485336.9,1194486.87,367090.73,23547.77,3505.4,1912161.79,968242.85,213.18,98.7,166528.49,119019.88
2:10,MCS 2725,7/8/2025 13:59,74051.01,72715.09,1650.58,1725.03,24919.41,25310.33,27972.88,33176.28,2640.37,2585.61,228.13,221.07,5372.23,5460.66,254.63,272.58,3491.25,3478.93,107922.19,206562.41,10170.41,118869.38,721342.12,456939.33,525026.1,486402.01,1151110.31,355027.08,27470.35,4094.34,841233.73,417598.86,210.87,100.39,337322.47,242752.43
2:11,MCS 2726,7/8/2025 14:01,68279.58,67217.07,4560.02,4814.99,41653.39,42495.35,24257.48,28712.4,4524.29,4438.16,1028.33,1006.85,10857.89,11163.77,928.68,954.37,8010.29,7963.52,106987.42,205290.6,30119.87,354413.1,1295359.54,824178.51,489534.75,453535.01,2115445.59,653590.15,132770.83,19992.46,1814798.92,916988.2,822.35,363.27,831803.93,597352.97
2:12,MCS 2727,7/8/2025 14:03,63816,62759.57,724.68,761.38,25765.13,26186.18,33645.36,40422.13,2849.79,2789.61,415.4,405.92,3006.58,3107.91,255.1,280.45,3271.89,3261.88,102294.4,196092.95,4934.27,58295.98,820108.38,519832.83,694343.09,647127.38,1365285.41,420923.61,54920.13,8253.88,522108.48,261676.99,232.19,112.9,347679.71,250325.73
2:13,MCS 2728,7/8/2025 14:05,81892.82,80492.25,2361.1,2488.74,24034.29,24458.21,38525.71,46091.53,3223,3156.62,252.59,244.46,9050.19,9231.47,218.57,238.65,3346.22,3324.42,105826.36,202746.51,12887.61,151738,617048.17,391628.06,641014.85,595988.54,1245368.01,384155.44,26970.3,4014.75,1251014.16,625589.51,160.86,79.11,286698.55,205688.44
S1:8,QC MES 5 ppm,7/8/2025 14:07,5.31,5.17,4.91,5.09,5.11,5.24,4.97,5.75,4.67,4.84,5.11,5.11,5.28,5.45,4.94,4.88,5.06,5.02,24504.65,46592.94,95179.93,1099177.31,467857.71,299065.94,295118.64,272529.73,6408469.48,2091994.42,1938293.89,297981.3,2586802.82,1315698.67,12828.89,5381.4,1544022.39,1106198.34
S1:9,SJS-Std,7/8/2025 14:09,80817.37,78419.13,19581.88,19858.6,36270.35,37109.53,20751.55,23595.85,15096.49,14858.97,586.58,568.97,13276.46,13422.88,641.86,660.91,3514.67,3479.28,46154.25,87362.6,47065.54,531602.31,411489.39,262582.56,152871.87,145314.29,2568621.88,796273.33,27646.81,4124.72,814130.56,401832.03,208.08,95.54,133043.33,95059.04
2:14,MCS 2729,7/8/2025 14:11,65016.61,64272.87,1285.44,1376.77,10345.27,10532.76,51180.3,63100.76,1311.9,1272.14,99.13,96.58,5886.24,5941.32,289.08,303.91,1521.48,1505.45,102754.23,197996.88,8595.78,103030.91,325394.41,206635.97,1041081.77,988603.51,623029.35,190290.48,12992.98,1947.19,997377.4,492558.07,259.24,120.26,159511.17,113935.07
2:15,MCS 2730,7/8/2025 14:13,78540.53,77079.54,1781.88,1853.73,40802.47,41593.43,24061.88,28149.24,4802.14,4698.86,620.87,606.78,3222.4,3291.48,210.99,250.73,5179.92,5156.26,104243.97,199412.47,9999.5,116353.04,1075017.08,683435.59,411407.02,378956,1902540.3,586332.6,67946.1,10212.7,464612.23,229563.51,159.5,84.95,455708.45,327638.71
2:18,MCS 2731,7/8/2025 14:19,58457.93,57133.35,1963.77,2038.42,27524.55,28057.92,35687.92,42297.84,2218.64,2154.42,672.65,657.56,4684.39,4789.4,559.51,601.56,7752.84,7675.53,66564.83,126851.95,9452.43,109779.75,622360.17,395673.11,523081.14,484330.78,757449.91,231666.7,63130.05,9491.38,576397.74,286254.04,360.73,169.18,584817.67,418207.94
2:19,MCS 2732,7/8/2025 14:21,89468.53,88181.03,4609.63,4835.76,32825.04,33412.41,25676.39,30126.9,4304.4,4201.65,441.63,430.81,11583.48,11860.67,299.67,335.18,4477.81,4451.93,118081.8,226835.67,25654.87,300013.84,860309,546143.94,436555.01,402460.24,1696603.01,521606.83,48091.54,7215.15,1632033.24,820743.59,224.65,111.19,391794.53,281330.87
2:20,MCS 2733,7/8/2025 14:23,86641.51,85161.41,4869.83,5085.48,43202.22,43840.32,19696.09,22839.11,6484.97,6372.03,709.96,695.37,12402.86,12700.75,306.79,345.34,5442.56,5425.97,109078.62,208977.82,25851.52,300938.1,1079706.1,683312.42,319574.61,294819.15,2435408.51,753688.7,73692.24,11100.7,1666571.56,838289.16,219.41,109.37,454192.35,327047.55
2:21,MCS 2734,7/8/2025 14:25,51004.3,49980.68,1740.51,1811.87,16049.73,16254.07,20561.26,23946.35,2267.46,2214.13,143.08,139.14,4650.5,4698.15,169.84,183.2,2631.54,2614.75,89899.01,171730.99,12955.79,150661.68,562050.48,355009.18,466714.61,426271.92,1195101.89,367554.04,20854.57,3119.56,880036.07,434418.69,170.37,82.57,307466.22,220624.46
2:22,MCS 2735,7/8/2025 14:27,109583.61,107617.23,1578.29,1643.82,62954.25,64061.18,32177.75,37654.14,6315.83,6170.69,911.79,894.41,3743.18,3829.57,572.07,625.75,7730.09,7659.29,111109.2,212679.69,6780.91,79195.37,1266922.12,804009.5,420295.38,386961.07,1911579.97,588235.25,76219.12,11498.64,413570.46,204129.91,328.73,157.17,519511.09,371801.71
2:23,MCS 2736,7/8/2025 14:29,103299.53,100800.61,1512.51,1560.01,59315.54,60519.26,32809.25,38105.25,6050.42,5909.14,1164.11,1140.77,3986.2,4034.14,637.73,691.63,9489.6,9403.15,83495.55,158837.41,5189.66,60180,951651.2,605548.66,341650.17,314749.68,1460920.47,449385.56,77553.38,11688.21,352704.06,171496.95,292.23,139.08,508287.44,363784.91
S1:8,QC MES 5 ppm,7/8/2025 14:31,5.32,5.17,4.91,5.12,5.11,5.24,4.97,5.75,4.68,4.84,5.12,5.11,5.29,5.43,4.95,4.87,5.08,5.04,24564.78,46662.98,95224.37,1104668.75,467603.44,299458.29,294853.41,272418.33,6419287.19,2088501.78,1941783.83,297942.03,2594311.36,1311192.86,12867.47,5373.36,1551613.09,1111070.37
S1:9,SJS-Std,7/8/2025 14:33,80794.68,78520.62,19565.51,19859.4,36287.59,37078.35,20716.53,23569.28,15111.6,14858.15,586.75,570.4,13271.42,13366.28,653.66,694.56,3523.33,3488.22,46141.32,87475.3,47026.22,531623.77,411684.36,262362.57,152614.88,145166.14,2571185.65,796229.36,27654.79,4135.08,813826,400140.79,211.88,100.14,133370.63,95303.08
2:24,MCS 2737,7/8/2025 14:35,82211.34,80743.25,2332.84,2446.86,20652.44,21160.49,49640.4,59395.56,2849.84,2780.04,165.56,159.78,6886.82,6934.95,386.55,396.07,3211.44,3176.35,83643.3,160149.16,10033.02,117690.71,417754.81,266960.41,650134.45,604345.42,868655.85,266889.71,13959.22,2072.59,753838.62,370231.39,223.33,101.73,216631.87,154707.44
2:25,MCS 2738,7/8/2025 14:37,52370.35,51356.09,865.04,897.28,31771.5,32359.02,15463.12,18036.7,2948.72,2874.82,429.16,419.44,1958.83,1985.46,181.42,235.9,4620.8,4574.72,101189.64,193422.48,7079.92,82326.76,1218404.87,773910.94,384914.46,354399.98,1701301.83,522415.28,68369.4,10276.8,412431.81,201673.63,199.26,114.39,591725.59,423148.86
2:26,MCS 2739,7/8/2025 14:39,51234.95,50568.05,6272.73,6638.35,2741.52,2786.49,28656.03,34380.18,590.08,566.69,56.2,54.29,13137.33,13633.38,123.53,103.36,431.76,427.23,91563.91,176165.97,47224.19,556566.06,98343.89,62371.51,659289.97,614290.9,319869.32,96778.16,8362.25,1242.94,2499809.73,1276773.27,126.05,49.5,51313.73,36590.87
2:27,MCS 2740,7/8/2025 14:41,76073.11,75206.96,2311.9,2470.35,32024.76,32825.25,46738.15,56978.07,2458.81,2390.84,616.72,603.83,6151.78,6228.97,358.69,404.73,9736.22,9644.72,111527.09,214902.88,14311.83,170734.96,932192.37,595897.69,882064.66,830356.95,1078736.16,330370.83,74544.14,11224.97,967339.67,479084.4,298.17,147.33,945959.38,676913.73
2:28,MCS 2741,7/8/2025 14:43,40472.71,39501.39,658.47,677.6,17002.93,17347.88,16358.44,19062.11,2142.32,2084.36,150.4,145.7,1641.22,1661.64,168.77,192.37,2920.19,2892.26,74006.69,140827.45,5111.17,59147.09,617471.59,392914.97,385237.2,354347.92,1171288.29,358932.02,22730.02,3386.89,329245.4,159832.62,175.55,89.46,353859.41,253114.97
2:29,MCS 2742,7/8/2025 14:45,88022.45,86727.29,4930.71,5244.27,24297.98,24579.47,40694.53,48702.13,3497.64,3418.09,275.54,268.13,16433.08,16946.85,494.52,492.38,3270.33,3237.4,104226.43,200167.62,24619.21,291901.67,571684.62,360685.74,620436.66,577462.91,1238383.64,381167.37,26957.07,4034.77,2073948.23,1051792.44,331.82,144.85,256760.52,183541.04
2:30,MCS 2743,7/8/2025 14:47,63021.66,61461.68,1847.78,1921.13,30868.19,31409.62,29054.48,34027.73,2766.82,2697.85,423.75,414.64,3613.79,3743.84,305.43,324.34,6769.56,6706.03,77068.4,146535.63,9553.09,111119.86,749467.42,475618.54,457502.59,420388.05,1012553,310963.24,42748.41,6433.36,479556.52,240472.82,212.15,100.2,548520.37,392478.89
2:31,MCS 2744,7/8/2025 14:49,74977.46,73362.25,1001.5,1033.29,91229.77,93466.8,18717.17,21601.27,3925.15,3840.7,1157.24,1134.41,1928.53,1952.43,261.81,348.1,7221.19,7149.38,89070.34,169893.69,5051.97,58618.75,2149831.63,1373590.11,286572.41,264544.73,1393325,429394.57,113274.47,17077.13,254050.62,122209.88,176.95,104.26,568484.28,406536.29
2:32,MCS 2745,7/8/2025 14:51,75586.91,74274.87,964.46,1009.87,37781.92,38419.98,27996.85,33167.3,4730.47,4624.81,1453.41,1419.33,3609.8,3721.26,295.86,337.85,4374.61,4363.33,104567.89,200284.9,5660.9,66566.41,1037591.21,658029.49,498814.34,462271.47,1953268.17,601459.58,165652.85,24878.66,540607.46,270386.45,232.41,117.17,401166.56,288989.86
2:33,MCS 2746,7/8/2025 14:53,101014.86,99076.12,2111.27,2202.88,40806.68,41670.48,34942.88,40862.81,7115.23,6950.76,645.87,631.5,6319.46,6437.49,196.19,260.39,4855.36,4802.08,92447.43,176753.48,8176.89,95538.05,741627.14,472318.58,411913.4,379265.02,1943408.46,597947.39,48758.4,7332.17,624248.58,309293.89,102.81,62.32,294573.23,210392.64
S1:8,QC MES 5 ppm,7/8/2025 14:55,5.33,5.23,4.95,5.18,5.16,5.31,4.99,5.77,4.73,4.87,5.16,5.16,5.31,5.48,4.97,4.88,5.15,5.09,24609.28,47131.02,95918.58,1117156.19,472622.42,303294.73,295998.09,273671.45,6493662.03,2103758.49,1958466.57,300664.75,2601466.95,1322478.77,12921.34,5386.03,1570019.69,1123062.92
S1:9,SJS-Std,7/8/2025 14:57,80856.23,78980.45,19670.13,20042.84,36536.43,37438.26,20767.87,23618.63,15160.88,14891.5,589.47,571.57,13215.34,13408.03,638.32,632.34,3557.86,3518.06,46176.41,87985.89,47277.46,536523.56,414499.22,264901.49,152991.67,145441.31,2579551.53,798012.42,27782.63,4143.55,810434.31,401388.48,206.94,91.64,134675.78,96118.07
2:34,MCS 2747,7/8/2025 14:59,75655.25,74794.9,2170.58,2314.59,30401.94,31128.26,48502.93,59184.81,2239.36,2177.29,316.97,308.73,7898.55,8086.11,286.34,319.42,3992.05,3971.09,107793.42,207715.24,13062.49,155567.04,860122.4,549237.59,889583.18,838092.9,955491.89,292604.09,37280,5584.76,1204248.23,604210.45,231.67,114.23,377056.5,270889
2:35,MCS 2748,7/8/2025 15:01,56158.46,54578.78,1391.36,1429.86,25482.91,25875.07,24954.05,28970.87,2504.23,2427.02,359.75,350.23,2212.49,2222.3,305.26,322.96,2884.09,2852.47,61708.48,116949.28,6476.34,74675.18,556102.1,352171.97,353106.49,324740.8,824396.62,251656.3,32623.22,4884.9,268789.39,128570.07,190.63,90.19,210045.08,149995.17
2:36,MCS 2749,7/8/2025 15:03,98656.1,97922.4,5456.27,5780.5,50296.87,51282.81,22697.33,26669.92,7345.84,7274.03,927.55,910.17,13957.2,14293.53,312.51,399.23,6242.54,6185.08,147718.67,285738.5,34440.46,406505.41,1494839.47,950524.29,437866.15,404192.34,3279532.23,1022805.13,114478.54,17275.96,2227149.31,1122008.27,265.54,148.42,619636.57,443456.71
2:37,MCS 2750,7/8/2025 15:05,76401.99,75440.46,3649.01,3832.16,62417.27,63757.03,15294.62,17718.83,7322.79,7251.58,1074.24,1052.87,8246.15,8348.82,567.45,615.26,9262.4,9174.94,116995.37,225160.88,23566.5,275939.62,1896570.06,1208164.86,301891.95,278990.93,3342850.28,1042605.73,135555.16,20432.57,1349951.88,670439.96,491.72,230.85,940020.04,672633
2:38,MCS 2751,7/8/2025 15:07,64263.88,63255.07,3874.69,4082.29,32584.66,33282.38,28676.46,34188.52,3422.64,3336.98,552.48,541.33,3103.15,3178.12,217.55,264.35,4658.09,4613.29,106041.86,203449.07,26956.58,316558.52,1067345.62,679906.81,609293.76,565220.31,1686550.76,517904.05,75159.16,11325.89,554041.96,275427.89,204.03,109.71,509461.27,364438.46
2:39,MCS 2752,7/8/2025 15:09,82342.65,80890.12,2251.74,2357.87,36884.71,37474.65,31060.64,36718.73,5129.48,5013.09,561.23,550.1,4469.57,4614.71,246.03,297.05,4361.61,4333.45,100488.03,192419.96,11610.88,135876.88,893702.76,566284.44,488173.55,451758.98,1868601.19,575179.01,56486.76,8515.09,589421.89,295706.1,170.89,92.06,352844.79,253181.03
2:40,MCS 2753,7/8/2025 15:11,79109.62,77798.12,1661.68,1748.24,41699.42,42409.28,22253.05,26106.52,5432.14,5348.78,651.43,637.29,2776.32,2867.14,236.67,275.1,5024.87,4980.06,127139.29,243684.67,11287.12,132725.53,1330222.84,843715.55,460706.98,423938.06,2604055.51,807574.94,86310.19,12985.97,484287.98,242128.88,216.12,111.14,535327.2,383217.48
2:41,MCS 2754,7/8/2025 15:13,67633.98,66552.49,3608.55,3822.39,19049.58,19312.75,17212.68,20003.73,3258.44,3181.43,202.81,196.77,19817.43,20730.53,343.47,344.76,2394.34,2370.5,102215.91,196054.75,22999.37,271629.78,572048.88,361709.29,335212.46,309254.15,1471327.44,452457.47,25330.68,3780.1,3186136.95,1641736.34,294.33,130.01,239943.09,171532.71
2:42,MCS 2755,7/8/2025 15:15,72024.68,71098.44,3295.65,3493.39,61365.49,62692.42,23247.54,27169.69,4563.91,4477.93,1166.61,1143.93,8816.18,8960.76,1284.41,1330.34,9366.05,9288.87,110138.69,211912.95,21258.12,251287.55,1861948.93,1186295.29,457907.12,419894.12,2082738.46,643614.07,146990.93,22166.49,1440433.17,718491.64,1109.45,492.3,949168.73,680004.01
2:43,MCS 2756,7/8/2025 15:17,81090.79,80371.54,1389.4,1459.36,43914.77,44973.8,29935.28,35475.94,5583.31,5478.36,646.47,634.7,4264,4361.27,554.04,609.67,4247.66,4217.27,110434.96,213340.45,8009.68,94213.74,1187112.46,758194.37,525037.47,486042.42,2268623.11,701086.76,72589.35,10960.56,626836.45,311854.76,427.16,204.05,383484.17,274980.77
S1:8,QC MES 5 ppm,7/8/2025 15:19,5.3,5.18,4.91,5.13,5.11,5.24,4.96,5.74,4.69,4.85,5.11,5.1,5.29,5.43,4.94,4.84,5.08,5.04,24485.5,46698.88,95227.22,1107316.11,468106.68,299334.15,294576.39,271939.32,6438890.72,2092870.84,1937521.97,297474.17,2593402.15,1311376.48,12839.91,5345.82,1551103.18,1110110.28
S1:9,SJS-Std,7/8/2025 15:21,80594.93,78266.47,19503.43,19877.91,36069.17,36973.32,20684.74,23515.54,15035.63,14804.21,584.76,566.44,13240.73,13383.44,658.55,730.5,3510.02,3474.8,46027.46,87193.09,46877.17,532118.22,409213.65,261621.67,152381.59,144866.4,2558291.4,793345.73,27561.51,4106.47,811970.1,400653.54,213.45,105.05,132867.58,94936.7
2:44,MCS 2757,7/8/2025 15:23,79636.76,78565.05,4437.84,4694.52,30584.87,31167.54,27554.88,32633.98,3122.45,3063.33,458.18,447.57,13857.67,14281.1,940.9,975.73,2798.82,2770.79,114076.95,219353.53,26804.23,316040.71,869980.06,552909.84,508372.1,470739.86,1337048.63,413133.3,54139.03,8133.73,2115698.68,1072329.9,761.83,339.9,265846.58,190050.29
2:45,MCS 2758,7/8/2025 15:25,69000.11,67595.61,1822.8,1896.13,27526.73,28011.89,21410.61,24900.73,3216.79,3160.22,261.46,253.82,4628.49,4779.06,237.37,257.51,3084.01,3052.71,90598.54,173015.94,10117.57,117708.71,717771,455543.26,362171.56,333299.25,1262682.13,390686.54,28356.92,4234.18,655379.64,329372.77,177.31,86.21,268454.17,191888.83
2:46,MCS 2759,7/8/2025 15:27,79258.34,78289.75,1991.87,2111.48,23073.5,23565.24,39093.22,46932.27,3093.74,3029.64,232.58,226.36,7367.83,7494.62,231.04,236.28,3295.9,3261.33,107310.67,206608.25,11396.53,135011.09,620656.55,395337.07,681475.63,634915.88,1252460.25,386293.92,26022.67,3895.5,1068733.98,532247.14,177.99,81.87,295862.39,211417.58
2:47,MCS 2760,7/8/2025 15:28,67510.42,66283.22,1635,1725.31,16212.28,16618.28,43032.91,51824.32,2221.64,2172,152.41,147.4,4954.16,5082.92,253.13,269.5,2397.8,2372.8,88405.47,169205.28,9055.45,106922.18,422099.36,269852.68,725373.27,677042.99,871613.27,268383.22,16523.91,2458.22,698843.23,349324.66,188.48,89.75,208202.02,148759.12
2:48,MCS 2761,7/8/2025 15:30,64214.12,63070.21,1225.32,1303.78,14329.32,14605.09,44309.07,53653.87,1929.24,1880.5,137.36,133.27,4746.98,4826.96,230.32,246.25,1933.09,1920.41,90134.21,172575.54,7283.28,86828.36,399967.01,254263.04,800533.83,749844.59,811749.38,249209.65,15966.46,2382.86,717467.61,355575.74,183.87,88.02,179948.02,129061.33
2:49,MCS 2762,7/8/2025 15:32,91202.46,90303.08,1214.82,1305.26,30690.07,31335.2,47412.46,58291.91,2844.37,2796.04,300.82,294.09,2852.38,2943.08,245.87,270.98,3633.72,3642.87,150425.41,290262.12,8480.71,101978.73,1005149.02,640043.66,1006791.39,953839.81,1402350.9,434165.95,40957.52,6158.42,510072.52,255060,230.34,112.3,397385.63,287728.12
2:50,MCS 2763,7/8/2025 15:34,65088.02,64014.53,2679.84,2793.33,27872.64,28479.15,26893.93,31578.01,2927.51,2866.56,248.99,243.72,3258.72,3362.5,286.66,297.43,4154.34,4138.68,84730.02,162453.35,14725.69,171377.84,720513.85,459138.78,450855.58,415498.15,1139814.28,351514.19,26776.22,4031.3,460830.85,229967.35,211.98,97.95,358435.68,257889.84
2:51,MCS 2764,7/8/2025 15:36,102133.3,100727.87,4319.63,4500.02,44448.27,45372.29,20384.81,23565.44,6156.32,6043.59,668.53,653.6,6585.3,6670.42,271.76,329.37,4903.33,4884.77,119668.99,230029.82,21350.61,248054.76,1033968.72,658244.45,307865.22,283672.66,2152587.66,665556.33,64598.23,9713.06,829260.53,410157.22,181.16,97.68,380886.7,274044.62
2:52,MCS 2765,7/8/2025 15:38,56757.91,55760.43,4581,4873.66,24386.59,24918,25285.31,29980.94,1587.7,1541.98,359.95,352.76,9508.64,9767.29,147.84,184.4,1449.8,1439.74,93355.71,178782.91,31756.59,376449.91,796462.95,507548.27,535527.98,495741.17,783061.44,239537.02,48837.01,7360.97,1669006.72,842129.44,138.69,77.88,158175.94,113390.99
2:53,MCS 2766,7/8/2025 15:40,69973.68,68942.78,2752.84,2938.19,12753.29,12950.75,48693.33,59412.3,1922.28,1874.38,102.1,98.52,5844.21,5877.89,339.46,356.37,2611.03,2592.51,99676.52,191431.04,16549.71,197113.87,361410.55,228910.25,892818.67,841025.76,820834.18,252087.52,12067.88,1791.44,893700.7,439285.21,274.28,126.8,246615.1,176814.92
S1:8,QC MES 5 ppm,7/8/2025 15:42,5.28,5.16,4.88,5.09,5.08,5.2,4.95,5.73,4.66,4.8,5.07,5.08,5.29,5.45,4.89,4.82,5.05,5.01,24399.66,46509.71,94573.08,1099668.94,464671.37,296958.81,293907.46,271580.57,6390392.13,2075123.05,1922364.61,296430.27,2592602.58,1314840.28,12710.61,5316,1539706.41,1103492.34
S1:9,SJS-Std,7/8/2025 15:44,80485.61,78122.34,19456.92,19815.01,35910.83,36865.51,20653.6,23436.1,14956.82,14734.89,584.47,567.75,13325.02,13384.63,624.85,672.33,3489.18,3462.45,45965.15,87033.05,46765.49,530437.88,407422.59,260861.12,152153.04,144423.38,2544912.73,789639.63,27547.55,4115.89,817067.76,400689.15,202.61,97.1,132079.91,94599.4
2:54,MCS 2767,7/8/2025 15:46,86109.89,85097.33,2396.24,2554.15,27817.74,28211.79,49720.62,60642.44,3323.7,3261.08,282.57,275.21,4593.27,4698.51,155.59,158.85,3939.74,3912.82,119405.04,229987.97,14032.24,167001.11,766137.1,484586.7,887578.12,835850.71,1377574.37,425696.91,32359.05,4847.48,686487.06,342033.29,123.25,58.02,362191.48,259791.5
2:55,MCS 2768,7/8/2025 15:48,74242.32,73143.84,2702.37,2863.44,20282.23,20657.32,36002.41,43275.59,2634.5,2571.55,392.87,384.24,5729.58,5799.07,250.03,273,2741.12,2715.13,111724.96,214542.34,17163.01,202924.7,606440.27,385218.95,697568.06,650390.37,1185803.6,364555.2,48776.19,7337.05,925300.48,457862.95,213.79,103.64,273516.11,195640.75
2:56,MCS 2769,7/8/2025 15:50,102774.9,101627.07,3466.72,3665.71,33537.49,34247.39,35384.43,42018.87,4602.46,4496.77,327.42,318.99,7395.67,7434.48,259.35,292.01,3916.51,3887.06,124613.46,240158.15,17739.66,209287.75,807610.02,514337.7,552557.17,511836.55,1666742.51,512901.01,32786.09,4912.74,961941.18,472954.6,178.94,90.05,314867.48,225678.81
2:57,MCS 2770,7/8/2025 15:52,90277.44,88373.26,3061.78,3210.03,39259.85,39993.55,28098.11,32813.22,5248.74,5131.05,385.08,375.19,4987.9,5134.7,357.85,409.94,4317.66,4316.01,99880.69,190586.52,14302.58,167434.39,862436.49,547921.22,400465.67,368602.8,1733883.24,533856.63,35171.77,5270.64,596201.19,298285.58,224.85,113.85,316682.22,228612.17
2:58,MCS 2771,7/8/2025 15:54,66205.12,64966.28,1681.14,1771.69,24706.81,25126.21,31432.48,37346.75,2682.26,2619.05,203.5,198.72,3219.85,3347.54,281.76,304.73,3201.63,3171,93127.52,178139.98,9997.5,117828.6,690245.66,437795.91,569292.39,527224.87,1128626.08,347092.48,23660.24,3553.76,491302.11,247355.64,225.07,107.88,298551.65,213538.7
2:59,MCS 2772,7/8/2025 15:56,80838.23,79742.87,1299.35,1397.46,32869.7,33461.5,52571.39,64126.13,2628.6,2561.46,307.03,300.18,3221.61,3329.93,252.75,299.75,3530.66,3506.25,107463.08,206623.45,7315.49,88137.69,867636.27,550854.93,899607.44,847087.7,1045856.45,320991.2,33701.01,5067.73,465228.63,232607.66,191.06,100.68,311173.96,223166.38
0.125,MCS 2773,7/8/2025 15:58,78770.2,77344.34,2404,2514.93,35962.39,36826.91,27164.46,31793.23,6448.04,6328.72,739.93,725.45,4597.18,4723.1,438.01,476.88,5138.69,5134.92,91303.34,174761.41,11772.13,137626.05,827635.86,528570.99,405572,373931.36,2229646.35,689246.84,70704.95,10661.26,576029.49,287455.98,287.88,137.59,394784.82,284917.46
3:01,MCS 2774,7/8/2025 16:00,75442.49,74466.15,2123.99,2266.91,22549.96,23034.47,44620.78,53943.01,3576.14,3506.49,271.27,264.29,4753.58,4842.61,265.57,285,3149.78,3117.29,101191.85,194692.24,12036.03,143517.57,600926.65,382836.09,770465.45,721017.52,1433294.15,442629.02,30051.97,4503.26,687111.41,340951.78,202.45,96.79,280106.28,200188.51
3:02,MCS 2775,7/8/2025 16:02,70371.2,69065.84,5302.66,5621.76,26145.13,26706.28,26733,31314.84,3955.32,3858.36,418.41,408.22,9053.79,9245.69,220.37,227.56,3312.89,3281.23,90061.14,172306.8,28605.44,337979.29,664583.06,423377.04,440632.68,405448.12,1512069.54,464567.16,44178.65,6629.19,1239377.13,620431.18,160.6,74.99,281070.81,201031.94
3:03,MCS 2776,7/8/2025 16:04,91264.62,89162.8,2845.09,2964.22,57429.77,58762.46,19521.25,22480.93,6398.74,6272.53,549.46,538.51,5038.8,5138.2,377.71,460.95,8293.53,8220.49,97849.92,186344.98,12883.54,149949.39,1222036.73,779806.37,269805.56,249333.26,2047249.33,632077.71,48597.29,7325.21,583883.03,289274,229.95,123.59,589301.82,421910.96
S1:8,QC MES 5 ppm,7/8/2025 16:06,5.3,5.16,4.87,5.1,5.06,5.2,4.95,5.72,4.67,4.8,5.09,5.07,5.28,5.46,4.9,4.81,5.05,5.01,24482.7,46496.01,94378.76,1100297.85,463428.89,297044.44,293601.18,271040.47,6411012.37,2074942.17,1929854.88,295552.11,2589427.94,1317863.96,12739.24,5311.04,1541433.98,1103740.47
S1:9,SJS-Std,7/8/2025 16:08,80748.41,78258.52,19421.13,19854.22,36122.96,36870.28,20585.61,23399.4,14969.66,14731.81,586.68,570.78,13185.05,13274.89,657.73,717.87,3518.08,3483.22,46114.95,87184.26,46679.54,531485.4,409822.15,260894.78,151654.09,144218.73,2547092.8,789474.85,27651.69,4137.8,808602.54,397410.12,213.19,103.32,133172.44,95166.67
3:04,MCS 2777,7/8/2025 16:10,82725.21,80804.42,2087.48,2199.96,39312.9,40274.34,28545.05,33338.29,4887.47,4773.1,581.38,566.89,3524.98,3592.25,270.82,298.74,5725.52,5685.34,90658.73,172625.51,9672.73,114023.58,855360.69,546498.33,402945,370836.63,1599590.33,492017.14,52548.03,7880.36,420679.01,206914.82,168.93,83.65,415868.92,298251.5
3:05,MCS 2778,7/8/2025 16:12,78766.61,76267.09,3368.22,3440.98,39092.7,39740.17,19579.23,22265.58,5974.75,5847.1,878.26,856.61,3010.78,3048.18,252.03,282.91,5205.21,5170.97,58114.91,109738.37,10497.99,119944.5,572731.76,363120.4,186287,174207.98,1316868.9,405893.61,53412.79,8012.32,246545.84,118459.79,106.36,55.22,254477.03,182549.43
3:06,MCS 2779,7/8/2025 16:14,60300.44,58901.25,2499.98,2664,10673.33,10923.63,42981.52,51833.08,1398.56,1355.88,171.9,165.09,6765.92,6851.29,208.23,230.05,1591.97,1574.72,79208.97,150841.14,13863.47,164955.94,279128.93,178184.09,726670.36,679136.95,552598.95,168743.52,18680.13,2759.84,953117.4,472001.38,155.78,77.6,138710.32,99035.16
3:07,MCS 2780,7/8/2025 16:16,82213.53,80171.66,1977.35,2069.95,35235.18,35944.56,25532.02,29596.82,4686.12,4593.5,481.88,470.59,5041.64,5147.36,215.69,272.29,4442.68,4399.73,83663.45,159051.52,8512.82,99760.88,712032.58,453013.15,334745.08,308093.04,1424718.86,439852.04,40462.27,6077.4,554985.92,275048.51,125.32,71.6,299676.19,214321.01
3:08,MCS 2781,7/8/2025 16:18,62809.73,60652.69,3493.65,3564.35,25221.4,25722.01,33084.81,37944.24,2538.85,2456.95,476.73,462.91,5439.04,5513.08,241.18,301.37,7109.2,7035.67,36300.41,68407.25,8530.24,97453.73,289778.65,184333.06,246166.2,227761.32,442026.43,134741.38,22743.43,3396.88,343924.73,167367.81,80.04,46.91,271990.72,194380.24
3:09,MCS 2782,7/8/2025 16:20,73234.14,71590.31,1352.54,1426.62,29292.15,29846.53,39442.75,47029.27,3128.39,3054.3,322.21,315.69,3097.11,3193.33,312.61,351.63,4056.51,4021.38,84710.85,161435.21,6628.78,78403.02,672908.66,427617.82,587365.62,545409.79,1082604.9,332899.48,30775.15,4637.66,390915.25,194175.9,205.46,102.63,311019.36,222663.68
3:10,MCS 2783,7/8/2025 16:22,78675.88,76594.58,2996.08,3161.11,33435.01,34098.09,33559.6,39612.46,4381.66,4275.51,517.68,505.51,3695.28,3811.18,220.6,258.55,3995.42,3954.95,88975.17,168861.81,14304.46,168513.49,750842.12,477562.24,488729.61,451590.36,1480285.97,454936.38,48292.29,7252.59,454163.8,226463.12,142.24,75.27,299523.64,214112.59
3:11,MCS 2784,7/8/2025 16:24,67354.44,65841.13,816.62,869.54,28900.45,29455.64,33473.32,40090.05,2918.83,2851.87,301.49,295.03,2390.47,2455.25,240.1,295.46,4357.88,4328.29,101730.3,193841.31,5236.34,62643.98,866700.09,550911.53,650926.24,605636.3,1317800.97,405529.53,37586.42,5657.09,393951.81,194973.23,206.08,112.11,436280.28,312965.96
3:12,MCS 2785,7/8/2025 16:26,81954.78,79609.05,4515.56,4689.71,60388.6,61797.83,19894.91,22708.47,7453.27,7286.24,1197.28,1173.2,8390.41,8474,546.03,596.56,9627.05,9539.47,65213.2,123522.01,15161.1,175790.34,953523.82,608547.11,204125.29,190276.23,1769848.44,544937.65,78499.57,11829.92,718617.48,353746.31,246.49,118.86,507484.76,363214.93
3:13,MCS 2786,7/8/2025 16:28,77152.66,74126.92,2347.13,2386,38674.38,39794.5,21196.9,23993.47,5259.92,5132.38,621.18,608.07,2567.5,2587.22,218.7,227.82,5173.18,5121.52,44153.15,82760.87,5692.21,65013.37,439556.73,282083.57,156450.7,147798.96,900741.97,276816.41,29330.39,4416,166801.53,78204.51,72.05,36.46,196121.87,140184.36
S1:8,QC MES 5 ppm,7/8/2025 16:30,5.31,5.15,4.84,5.1,5.05,5.19,4.94,5.7,4.62,4.79,5.07,5.07,5.28,5.41,4.89,4.81,5.04,5.01,24539.83,46415.18,93781.58,1101320.71,462502,296179.28,292978.32,270439.79,6340260.46,2069189.74,1923144.69,295420.4,2587011.87,1305409.96,12692.26,5307.74,1536962.35,1103677.95
S1:9,SJS-Std,7/8/2025 16:32,80850.42,77959.31,19337.28,19839.79,35832.75,36716.52,20514.61,23254.63,14886.86,14659.22,583.11,567.11,13186.39,13348.78,624.78,681.8,3497.68,3471.07,46173.09,86852.01,46478.19,531099.86,406539.35,259810.16,151133.09,143411.36,2533038.93,785594.3,27483.89,4111.32,808683.77,399618.04,202.59,98.4,132401.11,94834.72
3:14,MCS 2787,7/8/2025 16:34,87634.74,85010.94,1860.23,1937.98,36977.15,37592.6,30633.22,35567.76,4950.15,4855.56,384.45,373.36,3886.66,3983.94,319.63,369.25,5423.21,5407.68,78451.1,148370.66,7052.36,82361.43,657382.57,416818.33,353249.72,324898.25,1324270.59,409112.23,28423.3,4245.64,379956.42,187493.13,162.89,84.39,321768.31,231708.77
3:15,MCS 2788,7/8/2025 16:36,88741.87,86822.43,5500.04,5815.22,39074.2,39911.62,23213.78,26963,5420.67,5303.23,741.63,724.13,12814.83,13112.72,491.4,529.46,5201.43,5167.38,99561.05,189872.94,26016.4,306615.59,870403,554469.1,335593.83,309427.47,1815539.26,559430.26,68601.29,10301.71,1535254.92,771266.49,312.5,147.48,386817.83,277542.19
3:16,MCS 2789,7/8/2025 16:38,69818.79,67592.57,835.04,926.93,25287.87,25841.54,27588.38,32069.83,2754.57,2684.69,326.93,318.4,2369.14,2391.21,112.89,123.45,3103.57,3082.01,72409.69,136680.03,3688.8,46147.7,521035.41,332075.94,368507.81,338740.22,855819.48,262710.41,28000.93,4194.38,271589.77,130588.1,67.56,35.92,213375.9,152993.65
3:17,MCS 2790,7/8/2025 16:40,64127.71,62667.68,1235.89,1324.06,28674.21,29310.88,36088.73,43418.48,2290.88,2236.27,587.41,573.59,3615.15,3788.3,303.47,331.83,6786.03,6746.93,96502.82,183830.49,7872.59,94439.82,856747.19,546182.32,699145.63,652407.08,1031802.19,317228.09,72874.2,10944.02,587892.76,299320.27,259.11,124.82,676746.39,486019.79
3:18,MCS 2791,7/8/2025 16:42,62851.04,61545.85,1410.01,1520.99,10554.28,10789.04,47985.5,58676.82,1342.4,1303.95,104.69,101.99,5497.9,5576.02,179.49,214.04,1783.18,1766,92218.84,176034.27,8751.97,105633.56,308231.09,196527.26,906186.85,855259.08,592115.79,181155.67,12738.77,1909.1,866276.09,429224.46,150.07,80.46,173527.12,124067.27
3:19,MCS 2792,7/8/2025 16:44,96294,94533.45,3480.91,3730.14,39668.21,40504.39,38215.26,45525.27,3515.92,3442.13,1014.63,993.94,9094.02,9278.77,216.18,245.39,5219.9,5207.07,114019.45,218172.01,17394.59,207968.93,932609.96,593889.59,582708.62,540722.27,1244901.72,383858.15,99024.24,14918.57,1152797.47,576249.95,145.93,74.85,409733.24,295198.84
3:20,MCS 2793,7/8/2025 16:46,73546.37,72154.49,1394.17,1504.97,19457.08,19875.36,37075.58,44756.97,2339.85,2284.3,394.63,386.23,5657.62,5714.27,247.19,244.2,2342.59,2319.28,114979.9,219865.07,9219.78,111324.71,604400.22,385053.21,746261.25,697795.38,1094620.68,336574.21,50896.96,7661.12,948925.58,468697.84,219.53,96.68,242863.76,173623.04
3:21,MCS 2794,7/8/2025 16:48,65393.4,63629.64,1495.71,1563.32,26799.92,27359.07,17942.69,20737.89,3196.84,3132.86,233.24,225.12,3911.13,4012.64,217.22,247.7,3005.51,2977.9,86839.75,164724.55,8403.8,98339.83,706758.91,449979.84,307039.22,282889.96,1269041.49,391690.3,25591.89,3799.34,561711.77,279797.19,164.22,84.01,264588.66,189308.61
3:22,MCS 2795,7/8/2025 16:50,90089.74,88378.84,3083.94,3276.32,44146.84,45029.86,21774.39,25446.45,6252.24,6165.26,503.28,491.49,5904.16,5958.75,358.25,405,5743.37,5695.33,127073.98,242962.65,18357.12,217565.45,1236103.1,786314.83,395733.12,364652.75,2630480.47,816956.32,58553.91,8794.52,894183.66,441045.13,286.61,142.06,537021.38,384644.57
3:23,MCS 2796,7/8/2025 16:52,70104.06,68440.41,4787.62,5094.63,16530.58,16956.9,30415.83,36031.83,1954.27,1905.73,280.3,274.38,10289.42,10547.58,260.55,263.3,1719.61,1702.06,90205.07,171672.36,25971.05,308049.36,422906.55,270565.04,503967.17,466895.49,754227.2,231650.36,29786.98,4484.51,1414551.82,711519.51,190.62,86.38,146778.39,104868.03
S1:8,QC MES 5 ppm,7/8/2025 16:54,5.31,5.14,4.83,5.09,5.06,5.18,4.91,5.67,4.62,4.77,5.06,5.05,5.26,5.39,4.86,4.81,5.06,5.02,24535.25,46337.68,93741.24,1099412.23,462815.71,295887.82,291431.18,269092.7,6343038.21,2062054.89,1917982.1,294716.23,2579439.71,1301257.5,12633.2,5304.95,1545181.92,1106352.75
S1:9,SJS-Std,7/8/2025 16:56,80929.68,77979.94,19241.98,19846.69,35848.14,36832.6,20549.37,23274.48,14860.61,14645.69,583.35,566.64,13182.47,13345.37,636.44,693.28,3507.82,3472.99,46218.27,86874.92,46249.36,531284.27,406713.44,260628.98,151388.14,143522.04,2528582.6,784870.66,27495.12,4107.92,808446.38,399516.14,206.34,99.96,132784.36,94887.36
3:24,MCS 2797,7/8/2025 16:58,71060.28,69312.63,1859.94,1958.63,61098.96,62313.77,17507.08,20256.65,4903.09,4805.15,1233.61,1204.92,5245.68,5313.23,586.52,633.84,9181.45,9097.78,96523.26,183526.3,10678.11,125712.43,1646690.41,1047366.02,306468.56,282683.94,1987593.23,613501.57,138057.49,20738.27,766513.15,378734.78,450.89,211.37,826436.76,591542.9
3:25,MCS 2798,7/8/2025 17:00,75760.42,74097.61,2405.91,2547.15,61648.15,63076.72,19981.02,23247.03,5102.82,5008.39,778.91,762.28,5804.73,5875.64,716.6,771.3,7549.5,7477.86,108154.24,206183.66,14502.03,171415.15,1746298.81,1114300.02,367528.39,338158.2,2173657.18,671938.13,91655.21,13795.04,889705.97,440100.83,578.59,268.88,714284.13,511060.79
3:26,MCS 2799,7/8/2025 17:02,84538.81,82464.15,1914.68,2017.23,41729.13,42594.58,22713.34,26304.18,5497.6,5381.35,528.62,516.33,4753.55,4898.06,290.97,311.38,6362.35,6325.62,94125.33,178979.63,9017.04,106304.18,922365.49,587171.26,325866.1,299996.9,1827190.99,563318.89,48551.41,7293.57,572225.08,286359.02,184.26,88.27,469493.28,337144.18
3:27,MCS 2800,7/8/2025 17:04,51753.01,50391.35,800.66,855.48,7432.74,7579,42895.03,51980.98,755.63,727.86,70.33,68.44,4332.27,4399.73,273.41,266.86,1306,1298.26,73162.51,138893.41,4807.44,57758.25,209479.16,133240.3,780365.32,731829.39,323859.66,98273.28,8276.84,1239.18,660229.4,326408.46,219.48,95.56,122478.15,87868.91
3:28,MCS 2801,7/8/2025 17:05,88046.23,85835.78,2397.13,2534.23,36879.22,37575.08,25067.52,29233.63,5317.2,5211.42,381.37,371.95,8478.59,8623.23,200.46,234.18,5563.29,5558.11,103141.05,195998.25,11864.33,140152.05,857815.87,545081.99,378326.88,348492.35,1859406.65,573981.13,36878.1,5531.84,1064099.45,529840.59,133.99,70.95,431982.07,311709.95
3:29,MCS 2802,7/8/2025 17:07,84273.04,82590.95,1362.86,1456.49,34266.28,34993.59,35764.46,42783.92,4111.49,4022.11,551.76,541.27,5231.49,5297.26,241.44,306.63,3687.95,3682.28,113804.01,217388.49,7792.02,93252.19,918800.76,585179.8,621909.87,578564.49,1658239.67,510921.76,61449.96,9270.99,760187.16,375456.28,185.46,104.42,330188.49,238091.06
3:30,MCS 2803,7/8/2025 17:09,66208.93,64642.35,979.86,1054.91,10658.95,10880.7,47987.32,58271.29,1581.54,1531.91,85.43,81.29,4773.29,4868.08,257.37,258.19,1947.07,1935.75,87348.08,166250.78,5485.2,66305.08,279989.14,178273,814839.69,765116.37,626841.08,191245.93,9371.79,1372.16,678674.58,337077.78,193.03,86.81,170360.3,122271.37
3:31,MCS 2804,7/8/2025 17:11,84347.31,82203.85,1972.26,2100.39,31345.39,31881.4,35644.96,42321.95,4274.22,4179.06,654.47,638.66,6352.46,6394.18,337.66,358.29,4007.31,4006.69,99062.12,188192.66,9794.14,116648.63,731126.53,463779.78,539081.33,499603.34,1499663.22,461815.04,63380.15,9512.22,802075.45,394067.23,225.22,106.01,312005.92,225286.33
3:32,MCS 2805,7/8/2025 17:13,79592,77703.27,1544.46,1658.98,28340.85,28931.54,34715.97,41566.76,3783.95,3704.72,318.45,311.51,6251.29,6322.79,205.37,230.9,4061.12,4071.47,112461.38,213999.91,9230.92,110914.34,795274.7,506321.42,631625.88,587910.04,1597044.65,492466.69,37144.73,5588.41,947634.86,468712.85,165.23,83.39,380408.15,275439.85
S1:8,QC MES 5 ppm,7/8/2025 17:17,5.25,5.08,4.78,5.03,4.97,5.11,4.88,5.63,4.55,4.73,5,4.99,5.23,5.36,4.8,4.75,4.96,4.93,24252.41,45786.35,92613.72,1085006.58,454655.15,291528.54,289538.16,267181.75,6235058.9,2042640.05,1897317.3,291197.45,2563181.5,1293452.03,12480.58,5241.37,1514249.85,1087607.28
S1:9,SJS-Std,7/8/2025 17:19,80473.98,77390.15,19086.11,19716.82,35285.22,36284.16,20509.42,23214.23,14711.9,14531.43,575.92,555.92,13186.7,13237.45,627.23,667.2,3454.09,3430.84,45958.52,86220.03,45875.09,527815.14,400345.75,256760.13,151094.97,143186.04,2503340.8,778762.25,27146.02,4030.42,808702.64,396291.42,203.38,96.4,130753.59,93736.14
S1:1,Wash,7/8/2025 17:21,0,0,0,0.00 u,0,0,0,-0.05 u,0,0,0.00 u,0.00 u,-0.01 u,0.00 u,0.00 u,0.00 u,0.00 u,0.00 u,107.6,308.78,68.89,962.55,1517.49,994.46,651.64,11280.54,7309.47,2233.97,94.23,21.36,8066.88,764.99,4.42,3.41,200.7,49.11
