"Rack:Tube","Solution Label","Timestamp","Al 237.312 nm ppm","Al 308.215 nm ppm","Ca 315.887 nm ppm","Ca 422.673 nm ppm","Fe 238.204 nm ppm","Fe 259.940 nm ppm","K 766.491 nm ppm","K 769.897 nm ppm","Mg 279.553 nm ppm","Mg 280.270 nm ppm","Mn 257.610 nm ppm","Mn 293.931 nm ppm","Na 588.995 nm ppm","Na 589.592 nm ppm","P 213.618 nm ppm","P 214.914 nm ppm","Ti 334.941 nm ppm","Ti 336.122 nm ppm","Al 237.312 nm c/s","Al 308.215 nm c/s","Ca 315.887 nm c/s","Ca 422.673 nm c/s","Fe 238.204 nm c/s","Fe 259.940 nm c/s","K 766.491 nm c/s","K 769.897 nm c/s","Mg 279.553 nm c/s","Mg 280.270 nm c/s","Mn 257.610 nm c/s","Mn 293.931 nm c/s","Na 588.995 nm c/s","Na 589.592 nm c/s","P 213.618 nm c/s","P 214.914 nm c/s","Ti 334.941 nm c/s","Ti 336.122 nm c/s"
"Rack:Tube","Solution Label","Timestamp","Al 237.312 nm ppm","Al 308.215 nm ppm","Ca 315.887 nm ppm","Ca 422.673 nm ppm","Fe 238.204 nm ppm","Fe 259.940 nm ppm","K 766.491 nm ppm","K 769.897 nm ppm","Mg 279.553 nm ppm","Mg 280.270 nm ppm","Mn 257.610 nm ppm","Mn 293.931 nm ppm","Na 588.995 nm ppm","Na 589.592 nm ppm","P 213.618 nm ppm","P 214.914 nm ppm","Ti 334.941 nm ppm","Ti 336.122 nm ppm","Al 237.312 nm c/s","Al 308.215 nm c/s","Ca 315.887 nm c/s","Ca 422.673 nm c/s","Fe 238.204 nm c/s","Fe 259.940 nm c/s","K 766.491 nm c/s","K 769.897 nm c/s","Mg 279.553 nm c/s","Mg 280.270 nm c/s","Mn 257.610 nm c/s","Mn 293.931 nm c/s","Na 588.995 nm c/s","Na 589.592 nm c/s","P 213.618 nm c/s","P 214.914 nm c/s","Ti 334.941 nm c/s","Ti 336.122 nm c/s"
"S1:1","Blank","28-04-2025 14:08",0,0,0,0,0,-0.01,0,0.01,-0.01,0.01,0,0,0,-0.01,0,0.01,-0.01,0,10.39,824.2,7.18,186.46,18.49,39.39,159.84,15919.8,103.99,53.31,55.57,5.42,19031.94,154.12,8.46,0.48,112.88,98.35
"S1:2","Standard 1","28-04-2025 14:12",1.62,1.62,0.16,0.15,1.42,1.45,0.83,0.83,0.16,0.16,0.17,0.15,0.16,0.16,0.16,0.15,0.14,0.16,6745.21,16427.11,3859.8,47199.34,160701.04,124482.82,38798.08,49648.6,273016.89,74539.49,71904.2,11087.27,94532.3,33298.39,454.42,186.39,69772.87,47980.04
"S1:3","Standard 2","28-04-2025 14:16",3.21,3.02,0.32,0.3,3.11,2.98,1.56,1.63,0.32,0.31,0.31,0.32,0.31,0.31,0.31,0.29,0.31,0.32,13905.94,33055.6,7715.82,87440.58,340853.83,226508.52,80149.46,89838.21,533724.65,145801.8,146020.82,22308.14,164937.81,71348.87,949.47,363.05,137453.96,89832.97
"S1:4","Standard 3","28-04-2025 14:20",6.13,6.31,0.6,0.62,6.06,5.93,3.18,3.22,0.62,0.6,0.59,0.63,0.64,0.61,0.63,0.64,0.6,0.6,27339.98,61961.02,14848.5,165878.75,697516.2,455085.44,166973.19,159232.95,1002453.99,290687.15,282252.42,43880.49,319264.59,143577.83,1890.84,740.5,270208.1,189234.09
"S1:5","Standard 4","28-04-2025 14:23",12.78,13.05,1.24,1.27,12.02,12.17,6.59,6.49,1.2,1.31,1.25,1.21,1.19,1.3,1.19,1.25,1.24,1.32,51599.99,125150.4,28891.22,347943.76,1297196.76,947072.84,357924.32,335272.14,2074188.27,590669.59,557977.93,86405.13,662917.84,325892.79,3667.28,1376.28,567778.96,379451.4
"S1:6","Standard 5","28-04-2025 14:27",25.66,24.19,2.56,2.61,23.49,23.56,12.07,12.75,2.47,2.59,2.6,2.42,2.6,2.37,2.39,2.39,2.6,2.46,103655.6,248604.31,53833.71,689083.2,2569634.45,1872788.45,742935.96,685477.75,3862182.99,1090730.37,1114847.54,181064.72,1400292.94,711855.56,7814.24,2835.46,1107328.35,704462.87
"S1:7","Standard 6","28-04-2025 14:31",52.77,52,5.29,4.83,49.83,46.77,"--","--",5.02,4.86,5.17,5.2,"--","--",4.72,5.03,4.8,5.2,203800.92,526096.49,110997.65,1415569.31,4799792.17,3333824.13,"--","--",7518247.62,2151128.48,2202886.14,366077.7,"--","--",15472.82,5826.72,2061230.5,1460940.35
"01:01","BLK 1","28-04-2025 14:36",3.11,5.46,4.11,4.45,44.57,42.84,1.71,9.02,0.89,0.85,0.2,0.2,5.54,5.23,0.49,"0.68 u",0.25,0.22,138.85,1373.93,1027.67,12057.39,45548.25,34226.15,968.85,20792.65,13134.1,3663.39,921.31,145.29,48261.89,13318.09,23.37,8,1261.32,781.69
"01:02","BLK 2","28-04-2025 14:39",1.09,3.22,4.99,5.15,40.4,42,1.13,6.54,0.65,0.62,0.16,0.15,5.08,5.12,"0.22 u","-0.08 u",0.11,0.08,55.89,1184.47,1196.28,13626.29,46102.7,31291.14,706.82,19403.27,11317.15,2991.48,801.56,113.66,47412.68,12314.71,14.69,-0.49,611.98,328.27
"01:03","BLK 3","28-04-2025 14:43",0.56,1.95,3.5,3.36,40.93,40.97,0.77,6.6,0.39,0.38,0.15,0.13,2.98,2.67,"0.08 u","0.01 u",0.08,0.04,33.02,1056.07,832.63,9935.5,40259.18,30365.31,564.98,19867.77,5988.97,1712.45,753.99,104.18,32911.95,6725.93,10.22,0.63,429.91,228.67
"S1:8","QC MES 5 ppm","28-04-2025 14:47",5.13,5.07,4.79,4.45,4.62,5.03,5.49,5.11,4.79,4.81,4.69,5,5.05,5.14,4.87,4.71,4.76,4.82,21278.35,48486.59,102100.82,1311666.7,514930.7,370436.09,261029.83,254874.57,7237828.12,2200135.99,2051506.19,362228.88,2387677.51,1215321.92,15196.71,5776.47,2003491.8,1477831.45
"S1:9","SJS-Std","28-04-2025 14:51",81270.89,81534.58,20093.06,19582.46,37722.67,35761.29,24326.52,23884.28,15997.05,15210.16,576.15,548.18,13351.06,12584.53,684.21,806.3,3463.99,3463.71,35101.25,83166.14,47263.36,520433.47,402869.86,293436.51,121303.79,120692.86,2601933.08,683175.74,26516.53,4312.76,654451.61,323961.96,212.46,90.17,158939.31,99843.57
"S1:9","SJS-Std","28-04-2025 14:55",79575.77,81661.9,19359.5,18444.72,38454.52,38679.52,24881.13,24490.03,16096.64,14839.56,557.39,576.45,13647.03,13592.92,686.6,698.97,3442.55,3675.43,33298.6,76520.29,44925.72,536451.41,385990.5,295615.74,125896.15,120373.31,2585837.63,695123.51,26574.17,4161.28,635404.66,308359.08,209.57,80.61,151994.26,100287.07
"S1:9","SJS-Std","28-04-2025 14:59",82800.38,77818.1,20540.01,18587.83,36565.89,37491.96,24766.56,23465.12,16310.95,15051.1,600.89,553.53,13775.26,12999.54,645.36,755.88,3485.36,3559.4,32665.65,82291.28,47765.41,549703.59,400195.93,291789.13,127208.09,119885.89,2502568.48,717495.67,25283,3998.26,695694.22,321153.3,203.79,86.53,152536.95,99916.8
"01:04","MCS 575","28-04-2025 15:03",84601.83,84805.69,1496.58,1401.97,37735.29,38611.36,25995.01,27060.3,7554.56,6914.14,721.29,741.93,4283.6,3993.8,400.25,437.93,4427.39,4538.45,84407.07,215196.03,8532.83,101154.05,994720.87,737245.94,322735.93,297428.7,3024399.15,813869.65,77670.79,12649.69,541620.33,240163.41,315.78,123.33,464716.01,328000.56
"01:05","MCS 576","28-04-2025 15:07",74950.08,74579.93,2251.49,2117.48,38234.14,40348.06,26888.77,26395.54,9451.41,9118.96,723.26,675.26,6406.48,5847.38,716.93,807.62,4182.49,4257.39,80357.19,197025.86,12828.96,151113.98,1077364.51,764538.47,358738.02,317308.38,4051644,1140140.33,83256.92,13026.98,780148.3,377384.97,565.24,230.84,473880.11,325013.48
"01:06","MCS 577","28-04-2025 15:11",96948.26,94656.15,1158.33,1257.87,47652.2,46477.85,30127.54,31045.72,9149.08,9442.07,320.29,335.03,3685.97,3439.71,490.51,589.05,5574.44,5428.64,101743.03,254469,6947.76,84608.69,1255477.55,898613.01,400293.06,351949.34,3755031.81,1070068.34,39798.36,5885.92,452299.8,214735.27,397.01,181.88,638820.92,434457.98
"01:07","MCS 578","28-04-2025 15:15",96118.88,96578.19,772.95,844.01,39965.73,42871.65,34542.67,33659.45,8294.4,8196.55,677.48,624.68,3261.08,3439.78,368.59,360.13,5060.8,4896.11,106812.71,259773,4798.44,67348.53,1156707.61,855479.04,467695.67,438281.7,3659920.97,1021702.55,78083.34,12883.37,473125.48,219055.09,287.36,116.24,586011.94,423271.95
"01:08","MCS 579","28-04-2025 15:19",70676.11,77126.53,1188.77,1163.6,35021.39,33409.63,24929.52,23202.09,6441.24,6471.44,565.66,589.71,3713.89,3845.01,422.22,430.08,4523.52,4159.77,91780.14,220026.72,7558.53,92098.17,963156.91,751276.44,344567.02,306801.2,3208659.32,866615.34,70690.24,11314.09,573358.11,273609.01,344.04,136.86,540547.99,361142.59
"01:09","MCS 580","28-04-2025 15:23",102763.32,113181.94,1361.52,1468.26,48092.96,51073.69,35417.88,37745.93,10165.23,9785.33,702.37,692.36,3845.26,3749.96,790,833.17,6243.78,6304.14,117683.46,298552.07,8519.34,109284.85,1371671.68,1004068.39,516115.61,439436.59,4318145.25,1257918,82224.63,13632.78,520728.04,253718.97,672.88,266.13,740618.66,488185.44
"01:10","MCS 581","28-04-2025 15:27",94288.03,94269.61,1051.51,1148.1,47651.08,44096.66,33329.9,32051.53,8841.04,9076.12,539.51,549.38,4190.23,4094.6,440.49,452.64,5348.29,5591.72,96544.86,242161.95,6565.07,72893.59,1177009.46,878787.17,402860.68,380847.22,3788556.27,998012.81,57868.19,9214.37,492579.32,234350.73,325.67,139.64,572433.9,415263.45
"01:11","MCS 582","28-04-2025 15:31",79210.79,82380.87,1469.94,1443.28,40211.82,39874.96,28125.83,25884.32,8277.6,8768.67,560.27,599.38,3091.74,2932.87,314.62,385.63,4803.64,4939.91,80882.08,196022.08,7526.42,89046.37,954067.75,674892.06,322278.99,299165,3130794.52,878595.85,57095.09,9545.94,366627.87,167853.24,226.06,96.63,483126.18,318912.41
"01:12","MCS 583","28-04-2025 15:35",87016.4,87777.54,1723.31,1872.43,41341.91,40604.67,26507.52,25545.94,8174.64,7647.29,490.12,493.71,5010.63,5007.91,569.49,603.44,4814.01,4621.89,93881.12,233221.25,11249.3,139468.1,1129712.27,805243.13,365233.12,329393.99,3255938.01,961024.46,57319.89,9599.15,682384.21,340300.01,434.24,182.21,560713.6,382491.4
"01:13","MCS 584","28-04-2025 15:39",87880.09,85705.02,1323.13,1438.37,40996.15,42209.04,28919.57,29192.25,8471.04,8347.64,321.77,301.04,3319.28,3494.2,482.8,542.94,5272.44,5286.81,97350.84,247827.12,8663.78,100531.56,1218848.33,912969.01,407367.12,355100.7,3547160.71,967550.56,37439.96,5990.83,477351.82,221082.75,405.87,162.87,621360.95,429566.4
"S1:8","QC MES 5 ppm","28-04-2025 15:43",5.03,4.95,5.22,4.61,4.99,4.92,5.41,5.51,4.83,4.6,4.84,4.77,4.81,5.12,4.89,4.81,4.73,4.8,20639.51,49594.24,109347.85,1196869.36,522089.02,363361.11,269077.77,248573.22,7500222.65,2092507.49,2071977.77,361971.97,2434182.38,1173814.62,14437.28,5564.77,2007496.49,1442684.81
"S1:9","SJS-Std","28-04-2025 15:47",83584.64,81751.27,19267.89,19471.08,36260.49,37286.35,23272.77,22804.34,15719.56,16113.85,595.06,596.68,13398.25,13708.82,664.16,766.6,3463.63,3604.05,32346.26,79267.53,46391.78,503608.9,393048.39,289419.27,118042.56,127676.33,2577036.43,692688.27,25079.06,4193,669597.59,334410.71,210.93,94.77,153106.08,104930.96
"01:14","MCS 585","28-04-2025 15:51",70542.07,69310.17,2269.03,2412.63,30025.49,29978.9,21574.11,22384.3,5779.05,6077.53,288.92,294.06,4981.26,4712.87,825.95,965.43,3794.6,3606.93,76243.06,189274.54,14308.82,163319.99,781675.17,594882.66,283117.96,277369.89,2321712.37,656473.83,33282.99,5441.44,608800.53,309876.62,686.82,268.9,391170.27,268143.15
"01:15","MCS 586","28-04-2025 15:55",87086.71,91970.73,1042.39,1111.75,48667.28,47427.04,29227.51,28465.91,9162.94,8646.26,679.45,658.07,3096.54,3246.15,419.72,474.22,5287.77,5457.19,101161.07,248738.5,6581.08,83683.59,1435403.21,971664.31,395843.83,357548.09,4027863.2,1145657.89,87997.28,13047.29,465059.56,220672.75,360.5,145.26,625111.91,442783.74
"01:16","MCS 587","28-04-2025 15:59",93211.64,96686.59,850.95,930.91,44337.92,46753.26,35179.59,34703.84,8836.41,9182.8,616.84,620.51,3032.33,3096.26,380.45,438.08,5775.23,5755.36,112138.15,250575.33,5093.44,65653.72,1234667.76,962815.32,468834.07,421599.3,4005187.16,1103677.18,70590.07,11849.48,408657.65,206791.3,304.85,133.34,664310.87,457611.33
"01:17","MCS 588","28-04-2025 16:03",87152.85,84186.47,1369.77,1473.54,40011.55,38916.19,27419.55,27988.43,7676.31,7637.53,444.53,432.31,3701.01,3920.94,352.45,388.53,4979.06,4964.3,96289.38,230121.46,8864.24,110699.89,1053249.64,777355.14,395366.45,343981.98,3578997.71,996745.19,54465.95,8701.79,514418.86,241632.95,288.36,128.14,547782.69,384754.01
"01:18","MCS 589","28-04-2025 16:07",79439.99,81702.84,1180.5,1169.54,38762.67,39798.81,25103.51,23525.33,7780.72,7139.82,858.41,866.46,3723.23,3965.86,447.58,494.29,4692.13,4349.91,85493.29,212933.78,7117.67,87494.27,1119057.85,749870.88,290936.59,285629.18,3016539.77,821007.51,99193.98,15235.72,491912.57,221445.43,348.32,155.15,491809.16,325715.45
"01:19","MCS 590","28-04-2025 16:11",64130.78,61890.98,1987.45,1967.96,26690.52,25357.37,19088.66,18499.06,4314.24,4594.04,508.32,534.61,4995.41,4997.52,348.67,396.95,2464.83,2555.89,67546.74,163316.24,11841,149698.71,714497.56,505877.84,257279.18,233280.67,2019388.14,549646.62,63930.51,9894.98,616502,315074.4,297.51,120.49,277387.92,186515.34
"01:20","MCS 591","28-04-2025 16:15",93318.45,89328.13,1282.82,1315.66,46957.93,46368.85,30370.78,29157.25,8865.66,8487.01,257.74,251.54,3510.92,3496.26,271.88,319.07,4996.55,5246.26,104768.74,256456.2,8040.59,100780.3,1391378.82,980928.98,415040.33,359154.37,3792494.05,1117144.27,30769.17,4913.52,492437.3,238110.47,231.04,101.02,624788.67,439135.07
"01:21","MCS 592","28-04-2025 16:19",63674.52,63364.18,2218.76,2391.55,29612.72,31909.25,17813.61,16789.38,5365.14,5325.48,213.25,205.58,4643.6,4410.38,500.27,525.08,3227.82,3422.52,74182.18,172441.83,15005.63,175110.2,919390.25,604356,227154.07,222770.22,2372097.89,674473.38,26468.94,4213.85,601872.86,285159.61,402.43,159.87,392332.51,279663.59
"01:22","MCS 593","28-04-2025 16:23",80157.54,77628.71,1448.21,1468.68,35847.28,37059.92,25377.91,26899.85,6954.05,6812.86,776.61,747.06,4420.16,4373.53,450.96,489.02,4017.36,4115.83,92945.54,223719.95,8512.25,111314.42,1106973.71,800667.23,366941.32,350411.3,3297097.3,882273.91,91226.73,16118.19,595758.01,311270.28,382.98,157.74,489867.6,359700.7
"01:23","MCS 594","28-04-2025 16:27",74812.13,72847.68,2032.19,1927.84,29256.71,29267.18,21778.83,19946.78,6519.04,6393.53,217.83,222.86,4063.99,4279.52,467.57,543.48,4249.15,4372.77,74924.87,179109.67,11224.68,132275.74,763479.14,545235.8,256968.9,235236.8,2742701.67,766535.99,23119.86,4017.3,514394.08,259552.63,356.81,149.6,467305.8,309899.61
"S1:8","QC MES 5 ppm","28-04-2025 16:31",4.72,4.72,4.91,4.56,4.9,4.8,5.24,5.19,5.07,4.77,4.78,4.98,5.11,5.25,4.74,4.62,4.76,4.84,20654.48,51381.19,108320.52,1248509.04,504956.61,383215.1,276460.62,253773.92,7384614.85,2117409.28,2102071.96,357110.4,2437309.56,1211270.6,14963.99,5523.45,2129949.03,1472158.96
"S1:9","SJS-Std","28-04-2025 16:35",81184.92,78904.51,19116.47,18881.29,37242.03,37461.39,24203.45,24083.95,15923.9,15015.85,565.35,563.67,12603.49,13017.61,667.4,760.62,3679.75,3436.81,34942.41,77926.99,46845.24,522777.08,393150.68,278990.14,121435.34,128985.25,2439959.71,691603.56,24752.2,4170.42,690970.66,330660.68,196.13,91.61,153869.24,103820.84
"01:24","MCS 595","28-04-2025 16:39",78020.86,83545.01,1654.67,1807.53,39035.52,38326.17,24366,23272.03,6921.07,6806.17,690.86,734.65,5309.32,5206.6,608.45,668.99,4219.43,4094.52,87168.84,210557.91,10143.01,118480.25,1030535.88,733210.99,305586.9,288776.21,2981675.63,819662.58,82487.1,13679.64,706759.54,341511.46,486.6,211.44,474078.08,299495.5
"01:25","MCS 596","28-04-2025 16:43",70453.76,69978.93,2166.8,2236.28,28372.25,30044.89,23324.98,22850.76,5320.08,5102.8,256.18,262.5,5639.65,5479.16,572.33,557.3,3124.17,3084.99,82353.16,185846.24,14803.63,178038.82,850820.32,599567.94,339377.95,322661.23,2544601.12,700237.38,33077.37,5716.92,864680.07,406052.73,484.7,184.55,384361.73,257120.02
"01:26","MCS 597","28-04-2025 16:46",93648.26,91189.47,1606.59,1625.4,43372.84,43198.76,27287.07,24781.08,7567.12,7769.25,349.11,366.76,4389.99,4191.98,572.4,630.53,5173.2,5104.06,103530.05,244862.81,10532.15,123761.56,1263398.42,938512.49,381225.06,334564.16,3373891.71,962276.48,42004.4,7205.09,623348.52,303664.18,457.02,193.02,632689.1,432292.81
"01:27","MCS 598","28-04-2025 16:50",85514.34,89351.11,1101.51,1144.3,46169.05,48955.56,24644.54,25475.61,9425.85,8791.92,531.49,516.68,3164.29,3121.79,451.85,532.2,5303.68,5353.1,89857.58,235416.68,6285.67,74706,1226391.62,931263.16,322561.41,289311.67,3723611.66,1026736.03,57812.54,9396.26,420435.2,180130.31,353.89,153.69,595933.11,390875.99
"01:28","MCS 599","28-04-2025 16:54",93349.47,89538.29,1190.03,1283.8,45716.62,50234.91,30867.23,29371.56,9256.81,9837.41,321.35,309.49,3105.39,3244.83,488.56,530.17,5814.17,5716.73,108931.04,266058.88,7394,90730.37,1368043.84,954187.23,414693.7,368902.81,4108767.85,1168908.92,36274.97,5812.65,432096.23,208009.38,417.72,167.88,642875.65,468594.55
"01:29","MCS 600","28-04-2025 16:58",86684.88,81571.24,2764.25,3011.21,39296.95,41881.86,30289.61,30645.74,11298.38,11705.83,397.33,399.39,6607.18,6905.44,392.47,436.7,4767.74,4864.32,96370.46,220120.38,18744.53,219479.99,1178872.76,848407.75,420729.57,386023.99,4610360.29,1445235.04,47937.36,8175.72,975791.99,450864.48,325,138.92,568461.01,371214.85
"01:30","MCS 601","28-04-2025 17:02",75803.31,75870.05,1366.6,1307.27,33499.29,31084.38,26015.86,24622.92,5937.32,6250.08,583.88,570.16,4328.89,4294.96,347.99,399.58,3734.53,3821.89,90445.8,216949.58,8373.84,102829.26,961570.22,708566.92,358005.54,341636.96,2776675.97,787852.93,72015.33,12225.01,572658.28,284121.49,316.38,119.3,456624.66,324530.57
"01:31","MCS 602","28-04-2025 17:06",95073.28,94787.11,1438.98,1501.37,42788.53,43520.41,30109.8,29965.01,8786.57,8917,302.33,326.21,4634.8,4752.71,516.02,587.55,5202.12,5233.68,108227.08,256281.36,8266.2,106865.28,1218111.32,856066.58,388661.23,373211.42,3621323.78,1030178.14,37389.7,5947.67,624737.08,306366.25,431.45,161.96,645083.58,409468.06
"01:32","MCS 603","28-04-2025 17:10",89408.8,92131.77,1685,1696.05,39571.66,40517.85,29477.16,28045.1,8195.29,7655.22,286.71,291.77,4588.06,4656.07,476.12,512.16,5426.61,5369.15,107235.23,261651.44,11002.34,123550.41,1278156.82,894288.75,396455.68,352259.19,3648796.99,976999.41,34891.57,5601.83,666542.55,307252.47,384.56,168.76,652549.44,424878.09
"01:33","MCS 604","28-04-2025 17:14",69234.81,75714.54,2979.41,3236.46,34312.21,35874.14,28670.99,27705.9,8421.77,8505.3,477.12,502.32,8434.18,8859.3,632,743.23,3983.74,4005.39,85239.26,207807.84,20480.2,242152.21,1006382.79,785415.43,390658.83,364966.96,3992123.87,1132812.62,58525.98,9985.14,1119033.74,575520.03,517.49,236.62,483431.47,344255.96
"S1:8","QC MES 5 ppm","28-04-2025 17:18",5.02,4.89,5.1,4.41,4.71,4.92,5.56,5.52,5.21,4.5,4.53,4.99,4.89,4.81,4.77,4.96,4.94,4.84,21772.81,49334.46,100237.31,1279115.09,500434.65,361345.84,261395.31,256371.16,7343330.48,2026393.56,2030653.77,365437.8,2432831.36,1190661.02,14775.6,5722.82,2057737.44,1458954.84
"S1:9","SJS-Std","28-04-2025 17:22",79708.64,79949.02,18818.77,18434.71,37450.86,36274.31,24275,22537.82,15917.07,15653.75,548.03,579.37,13066.83,12929.98,654.35,736.29,3493.47,3536.13,33658.63,78654.47,46082.2,513471.72,381774.89,289968.91,121329.01,122862.45,2587631.11,676003.02,25086.4,4152.27,675609.21,314496.33,201.99,83.4,154415.76,100617.94
"01:34","MCS 605","28-04-2025 17:26",70495.89,68236.1,1644.99,1717.76,31689.01,29267.34,21230.92,20475.97,4955.27,5120.19,538.63,524.74,4548.79,4674.64,531.82,591.65,3228.83,3164.16,84181.5,202945.95,11180.08,126256.01,946328.41,670068.17,305713.44,286522.38,2490344.96,680033.98,68161.95,11468.04,649756.04,328109.43,471.89,199.63,403160.13,273229.13
"01:35","MCS 606","28-04-2025 17:30",72408.01,76529.19,1472.88,1482.42,31028.18,31973.2,23287.22,24375.1,6093.01,6099.61,318.97,325.42,4108.32,4132.63,384.85,419.47,3689.92,3795.17,92573.34,212393.45,10025.13,122090.01,995707.19,715145.44,338013.24,326610.61,2751707.42,789082.64,40827.74,6927.23,641998.5,294236.9,316.99,143.11,500981.34,342720.07
"01:36","MCS 607","28-04-2025 17:34",76009.14,77065.87,1745.31,1775.82,32921.97,35729.23,25324.31,23785.68,6982.21,6664.9,505.62,532.9,4854.2,4497.46,632.41,655.77,3913.6,3853.04,89328.24,207283.95,10204.13,117280.92,989782.13,682537.96,303898.89,310559.44,2877783.09,755340.28,60496.54,9143.08,598691.34,307098.99,506.65,205.49,439986.72,302117.74
"01:37","MCS 608","28-04-2025 17:38",75296.89,77771.01,1119.37,1100.7,41151.28,39949.13,25330.84,24212.85,8609.45,7975.33,419.14,433.02,3045.31,3052.56,342.26,403.65,4840.47,4696.59,85647.03,197939.06,6098.58,74598.07,1028772.88,754444.5,320443.5,290309.24,3453839.06,977883.57,48734.09,7951.28,389580.46,185877.3,291.43,121.73,548075.15,367371.25
"01:38","MCS 609","28-04-2025 17:42",83373.4,82612.49,1210.22,1241.66,37821.76,40035.74,27200.21,27314.73,7336.21,7250.77,526.77,510.02,3995.96,4234.74,475.24,518.6,4506.45,4336.63,103979.46,241860.59,8300.24,97853.6,1212012.64,851890.72,386209.68,353819.26,3503109.32,935602.21,67230.95,11026.22,626690.24,284404.27,447.74,177.05,571810.62,378000.74
"01:39","MCS 610","28-04-2025 17:46",74003.44,78871.36,1683.47,1776.7,31166.63,33121.42,23215.83,23830.64,5893.76,5856.35,630.63,647.2,4481.42,4327.6,543.61,558.43,3879.31,3864.57,81439.48,192547.65,10591.06,119783.18,840211.49,632203.48,297946.94,283449.79,2536379.9,679533.23,75149.98,11527.54,569523.13,282089.36,404.67,161.11,407361.17,296641.98
"01:40","MCS 611","28-04-2025 17:50",89223.33,85523.31,1051.39,1111.82,40002.07,39375.93,27442.56,29140.83,8378.58,8304.26,748.66,754.85,3594.33,3584.18,442.88,504.15,4897.61,4901.68,93625.04,221684.27,6618.89,75293.71,1158596.92,763950.7,381807.16,333625.64,3347399.06,920949.97,85284.92,13367.28,455133.72,224083.09,352.08,147.97,535840.78,374430.28
"01:41","MCS 612","28-04-2025 17:54",82182.89,83365.26,1239.8,1230.35,39496.88,41015.37,27214.61,26139.03,7637.54,7732.9,337.98,327.64,3315.18,3485.3,389.43,439.66,5262.34,4927.01,89117.18,218733.47,7546.7,86247.61,1099111.34,828243.44,348110.04,336850.87,3283184.17,915775.1,37395.26,6332.08,435468.83,225774.64,306.23,125.7,549012.83,376796.71
"01:42","MCS 613","28-04-2025 17:58",88472.13,82059.15,1121.69,1149.69,41604.13,43359.04,27221.44,26974.72,7454.86,7512.19,477.35,525.86,3317.25,3349.74,314.57,359.71,5048.41,4819.74,87157.59,223102.37,6777.21,79598.84,1077159.52,783749.18,341884.4,341736.26,3142728.31,925358.9,54595.05,9673.53,432290.19,190897.1,241.33,99.96,565234.14,362176.66
"01:43","MCS 614","28-04-2025 18:02",76025.81,77549.38,1368.75,1411.07,41663.95,40909.29,23574.65,23829.93,6760.27,6204.4,702.89,700.67,4140.11,4074.94,421.75,473.33,4202.47,4110.4,100789.07,241504.55,9559.4,110546.55,1239205.4,935692.84,363917.87,334955.54,3132312.96,871030.69,87948.75,14519.5,604221.6,290232.93,379.11,149.01,529167.88,342866.76
"S1:8","QC MES 5 ppm","28-04-2025 18:06",4.72,4.91,5.13,4.59,4.99,4.97,5.61,5.13,4.99,4.75,4.73,4.82,4.91,5.13,4.72,4.6,4.79,4.81,19975.85,50179.44,101804.11,1236660.19,522810.41,353921.93,260245.02,247719.72,7219548.09,2011706.16,2176723.74,358334.64,2305301.12,1256710.03,15347.24,5393.21,2159875.22,1447659.97
"S1:9","SJS-Std","28-04-2025 18:10",83017.94,81266.84,18621.52,19012.15,36723.85,36475.09,24905.81,23562.08,15295.24,14811.61,569.18,586.35,12436.18,13142.47,636.33,816.23,3416.2,3565.94,32487.81,78658.61,43315.23,524706.73,410549.64,284704.79,122252.79,119675.33,2483064.65,672467.14,26331.5,4208.44,632521.51,304230.28,217.41,94.19,146998.66,100602.79
"01:44","MCS 615","28-04-2025 18:14",83381.06,88037.13,1210.85,1231.27,42352.05,41136.99,31440.3,30042.46,7959.54,8227.55,536.81,531.75,3857.04,3917.8,413.55,481.64,5374.75,5352.25,102797.48,237887.06,6888.69,86143.32,1175898.11,816637.79,415372.01,398931.18,3650928.72,1043032.18,62430.18,10618.3,516107.5,243470.01,356.55,143.26,583281.9,395091.54
"01:45","MCS 616","28-04-2025 18:18",76698.69,76297.13,2040.09,2055.06,30862.02,30552.78,22990.63,21454.81,5596.29,5580.97,193.83,195.62,5573.18,5617.75,453.38,490.31,3649.58,3515.07,82148.48,197515.67,12578.82,149324.13,886929.44,596051.3,296478.56,302025.92,2347968.36,663159.33,24011.66,3756.71,769167.11,370866.41,387.36,157.26,432817.84,281153.99
"01:46","MCS 617","28-04-2025 18:22",74895.32,72884.93,1535.98,1578.79,37326.32,36051.38,23600.01,24617.1,6723.15,6690.81,250.81,236.17,4330.99,4055.59,470,533.9,4210.17,4572.09,80134.98,190759.9,9085.84,100537.03,955705.92,672591,310674.29,287672.33,2774321.72,811278.3,29120.68,4440.23,574831.63,248285.53,392.27,156.74,471572.11,331145.38
"01:47","MCS 618","28-04-2025 18:26",94140.03,96226.66,1417.49,1390.86,46108.51,49894.14,28105.4,25739.16,8474.92,8847.44,368.58,349.22,3650.83,3419.29,461.85,508.81,5846.61,5798.75,108812.13,252282.73,8098.89,101160.64,1383004.81,913571.96,357090.37,324512.27,3644316.77,986938.49,42504.5,6673.21,460380.15,226470.65,374.58,147.44,629456.8,432527.2
"01:48","MCS 619","28-04-2025 18:30",79449.4,76817.04,3001.71,2922.9,35919.76,35678.31,27748.5,25693.39,7828.86,7914.11,434.28,459.41,8622.87,8353.42,614.03,654.95,4035.32,4266.15,89490.8,228550.6,19219.61,238376.69,1029981.58,734031.29,377685.7,361495.14,3478117.43,1048115.67,52992.74,8663.43,1173576.68,584964.5,481.39,211.2,521941.48,323539.89
"01:49","MCS 620","28-04-2025 18:34",95498.62,97502.82,1451.41,1483.61,47474.23,44932.27,29380.11,31119.03,8360.15,9017.25,598.28,618.14,5078.37,4954.35,514.05,556.77,5011.72,5318.31,99156.14,239727.99,8817.4,108182.87,1209644.79,875906.54,410034.56,360332.31,3648417.42,1050003.26,67090.85,11566.15,669481.81,325432.82,432.27,175.27,580878.65,403076.5
"01:50","MCS 621","28-04-2025 18:38",81140.38,77205.16,1454.62,1535.75,33576.08,36045.13,21848.85,22193.23,6222.98,5797.31,216.72,209.4,4718.85,4923.07,418.03,488.26,3869.68,3883.57,98450.93,222893.5,10445.27,125525.56,1115949.62,752380.44,318097.51,311822.63,2750294.75,783760.96,27901.11,4412.89,688430.7,346120.07,378.52,160.58,493667.22,314912.29
"01:51","MCS 622","28-04-2025 18:42",83765.77,83976.23,1577.5,1231.45,42251.68,40652.9,19228.39,19893.46,8809.65,8562.06,258.16,241.49,4381.37,4308.65,626.65,671.23,5797.75,6056.36,88335.93,230321.87,9888.56,92280.63,1154405.95,830376.29,258082.38,241371.98,3426043.75,1024984.41,30171.17,4714.05,578573.87,258311,465.36,199.99,630921.72,442627.29
"01:52","MCS 623","28-04-2025 18:46",56575.59,55358.64,1263.86,1182.18,26057.43,26397.53,16408.96,16976.35,5130.28,4761.11,601.37,549.11,2942.78,2868.26,520.98,563.96,3114.26,3256.68,69735.35,151611.29,7628.61,90635.05,801262.34,593526.46,234122.19,229052.07,2345482.6,609778.13,74002.45,11544.21,400951.76,198256.38,429.55,165.67,384758.7,274651.94
"01:53","MCS 624","28-04-2025 18:50",71294.74,76094.83,2027.55,2112.83,33402.91,33898.74,20785.12,19008.85,4884.62,5164.59,187.07,194.54,5701.13,5944.08,543.03,593.32,3042.64,3002.2,79853.45,198477.82,12026.67,154581.85,899803.89,626454.35,263937.91,249251.9,2245477.47,596590.7,22422.76,3699.52,786082.03,387725.83,423.77,172.48,345220.44,245856.33
"S1:8","QC MES 5 ppm","28-04-2025 18:54",4.85,5.09,4.81,4.72,4.92,4.61,5.59,5.26,5.16,4.67,4.65,4.82,4.63,4.94,4.74,4.72,4.56,4.79,19988.17,51734.21,106934.44,1291275.57,524551.91,380813.53,277518.31,259072.13,7020914.63,2022791.25,2060471.92,354428.07,2302074.2,1214468.37,14453.84,5665.17,2048850.99,1377048.25
"S1:9","SJS-Std","28-04-2025 18:58",80403.25,80652.9,19381.32,19524.23,35799.2,36558.57,24688.15,22373.4,15836.15,15647.97,567.39,549.41,13203.78,12871.03,683.74,758.84,3546.61,3400.82,35039.9,79046.86,43560.86,547728.97,380321.24,296684.81,122268.23,122691.92,2411726.78,723724.11,25826.29,4301.07,652243.96,307047.38,213.93,82.19,159540.59,104129.99
"01:54","MCS 625","28-04-2025 19:02",72666.73,73069.06,2038.79,2050.01,32499.52,32367.1,22194.87,22110.87,5719.52,5714.55,214.3,226,6421.59,5798.82,397.5,429.25,3333.51,3513.41,74984.95,190360.47,11873.89,138743.66,930904.61,623101.84,296052.04,290294.88,2302579.5,651567.94,24907.52,4054.07,810435.02,387114.98,307.69,125.55,379976.49,276008.64
"01:55","MCS 626","28-04-2025 19:06",84865.99,84926.88,1224.09,1264.69,39122.24,37596.57,28202.01,28058.33,7919.78,7334.08,930.98,873.31,3370.25,3402.54,425.71,499.65,5092.49,4800.3,86011.23,210864.12,7437.3,86312.87,1106317.99,743832.6,357151.23,329534.52,3123253.87,958966.98,108437.14,17346.02,441592.37,205369.87,378.58,154.58,549274.52,361239.53
"01:56","MCS 627","28-04-2025 19:10",65688.59,67905.29,2120.58,2181.03,22161.42,23218.03,20504.56,19763.6,4286.6,4267.27,207.74,211.04,6175.93,6123.67,368.74,404,2429.61,2355.39,71012.16,173752.69,12657.07,152964.15,639909.63,459962.26,244403,235201.09,1720585.44,487938.92,23499.17,3932.88,770647.63,375660.31,298.32,124.1,265952.02,189962.69
"01:57","MCS 628","28-04-2025 19:13",82658.69,84154.56,1865.57,1827.91,39947.81,40511.28,27190.82,26073.52,9888.79,9812.51,413.44,391.94,4890.7,4771.42,640.99,709.05,4189.76,4119.94,91409.29,232697.5,10682,133991.05,1132863.18,804349.39,358549.42,340508,4070701.07,1112310.84,47838.01,7736.21,583764.53,284630.53,488.05,201.27,494662.21,332774.11
"01:58","MCS 629","28-04-2025 19:17",75275.74,76852.29,1760.62,1747.96,33787.73,32214.57,23975.78,25695.42,7073.12,6653.14,674.76,668.95,4427.12,4383.77,326.7,384.3,3742.31,3661.65,82968.1,201592.24,11126.76,130039.43,919474.13,697501.77,326054.64,301370.83,3067479.75,799987.02,80578.45,13263.58,610604.81,282779.36,288.85,125.15,427082.32,298919.72
"01:59","MCS 630","28-04-2025 19:21",79009.42,74892.74,1146.06,1171.2,40351.62,37565.78,22629.11,23238.94,6727.88,6602.51,363.52,356.69,3727.49,3486.51,442.31,475.48,4105.35,4049.35,92399.64,209567.41,7350.52,90345.83,1105543.98,807046.54,335304.64,293737.13,2925709,855947.21,43824.12,7105.61,518052.69,240458.25,366.92,156.53,518885.33,334503.58
0.08,"MCS 631","28-04-2025 19:25",74396.09,72949.1,2912.51,2764.45,34467.92,33958.12,20066.41,19254.87,5098.61,5461.95,1060.6,1009.59,6869.29,6795.8,475.91,489.54,2915.78,3018.66,83017.9,209748.5,17926.89,202218.54,954253.59,669382.53,287558.39,270994.48,2344510.64,664980.42,120968.2,20282.29,950994.43,466164.73,406.13,156.92,354147.97,246731.54
"02:01","MCS 632","28-04-2025 19:29",53798.05,56126.05,782.74,842.55,25445.12,26102.38,16081.03,16735.63,4557.19,4838.34,421.37,448.38,2572.46,2745.06,364.87,428.81,2700.22,2813.72,61139.62,143542.51,4913.27,68840.86,739501.93,524786.9,221621.58,217355.64,2167218.08,608393.17,54693.45,8914.8,376019.09,172674.5,312.74,135.37,340530.85,225599.91
"02:02","MCS 633","28-04-2025 19:33",71585.77,70893.76,2332.23,2464.97,36217.57,36247.18,26936.29,25315.44,8898.54,8670.1,409.6,402.53,5844.33,5894.99,673.08,695.87,3881.96,3982.46,85214.34,207935.15,15484.2,187055.3,1059718,746090.35,353022.45,328112.25,4113071.07,1173386.59,51857.41,8298.88,759196.96,377917.56,570.15,219.7,469380.04,307595.41
"02:03","MCS 634","28-04-2025 19:37",63319.83,67082.52,1821.65,1852.79,29812.74,29843.6,18642.37,16584.6,5031.41,4940.53,419.78,455.41,5081.9,5205.68,464.6,541.3,3352.99,3340.84,76465.69,172418.53,10675.37,124182.48,895461.73,625062.14,243821.61,222788.11,2106343.61,628287.61,54120.89,8227.73,686257.49,319408.25,405.29,161.64,369794.35,270241.26
"S1:8","QC MES 5 ppm","28-04-2025 19:41",4.94,4.87,4.82,4.74,4.58,4.83,5.61,5.33,4.84,4.68,4.74,4.59,4.89,5.01,4.92,4.76,4.69,4.69,21267.15,50135.94,102123.57,1305421.69,501741,374937.32,275686.26,250549.77,6929215.87,2047964.62,2076467.16,333411.58,2296918.77,1201417.64,15464.9,5315.34,2023014.03,1422841.07
"S1:9","SJS-Std","28-04-2025 19:45",79919.26,77331.2,20272.12,19776.38,37090.21,36404.39,22865.51,24468.89,16107.91,14500.63,584.83,566.41,13104.69,12911.35,630,751.26,3347.65,3642.24,34151.27,78724.86,46805.13,529892.9,385556.51,278919.8,123192.26,121847.03,2427075.09,694464.13,25819.02,4331.26,650141.8,319404.75,205.86,93.64,153493.24,107611.29
"02:04","MCS 635","28-04-2025 19:49",59544.39,59460.4,1903.44,2094.18,20478.09,20524.01,18749.66,17853.36,4055,3763.14,178.15,180.49,5655.63,5805.21,537.9,578.02,2290.96,2312.26,70810.58,166426.93,13811.62,155891.89,698951.69,481937.31,281336,251803.03,1882556.53,542277.22,23558.2,3622.42,878117.79,438779.52,475.48,196.27,302711.15,204626.45
"02:05","MCS 636","28-04-2025 19:53",63546.46,67308.71,2073.34,2131.72,28331.76,29940.85,18698.34,18571.6,5466.45,5485.58,1078.51,1041.98,5368.57,5628.37,776.45,835.85,3031.77,2927.13,68432.98,180009.24,12103.09,146094.35,824661.11,599974.64,250047.97,249307.48,2488233.53,687316.12,122605.14,21192.08,736658.85,355097.97,654.56,245.14,342599.77,223406.04
"02:06","MCS 637","28-04-2025 19:57",70315.38,74868.63,2515.45,2593.64,33938.85,34556.18,19873.18,18892.34,5677.11,5404.08,440.08,439.51,7124.46,6895.56,1090.86,1089.95,3422.98,3332.98,79477.39,188485.73,15424.6,175703.3,930751.87,652965.46,251692.91,239499.78,2319587.35,609581.3,49180.9,7596.16,958008.68,430553.72,832.01,316.49,364469.72,244805.07
"02:07","MCS 638","28-04-2025 20:01",132531.35,148928.46,668.07,743.46,45331.18,46244.7,29214.52,27489.38,8924.8,8642.24,598.14,552.87,2890.17,2834.22,364.85,409.2,5029.12,5040.16,165513.32,401393.82,4148.27,56559,1267145.86,898599.65,377535.4,336714.57,3665938.04,1045518.54,68873.36,11002.04,410302.27,177311.53,302.02,122.76,585506.76,409442.29
"02:08","MCS 639","28-04-2025 20:05",77274.66,75300.57,3430.24,3409.65,31558.47,32761.79,18145.13,17307.53,5488.93,5627.21,376.93,382.4,7535.87,7075.46,1064.44,1088.39,3292.68,3214.48,85805.83,207208.83,20092.59,251097.42,921356.13,638001.83,228552.03,222050.64,2440399.75,721391.75,45744.09,7469.37,943798.01,445648.49,834.81,342.12,394395.13,264397.6
"02:09","MCS 640","28-04-2025 20:09",71654.06,75386.91,4122.28,3921.24,41492.45,41768.62,30143.49,31653.25,11322.04,10660.78,511.51,540.4,8351.95,8500.89,651.16,677.61,4585.13,4364.54,81199.94,190401.92,23832.16,284086.86,1117858.43,753776.37,393345.96,349423.05,4391005.04,1223820.12,61692.04,9234.38,1114511.4,543770.67,482.33,191.44,517375.84,328105
"02:10","MCS 641","28-04-2025 20:13",62909.59,57695.72,2245.76,2150.54,26912.29,25177.92,18956.79,17818.22,5179.47,4927.39,540.92,548.55,5002.32,4994.4,467.06,535.55,2897.07,2907.31,67755.47,158060.78,12953.32,157353.01,765353.02,503387.91,237321.96,231366.47,2085061.93,560468.94,67515.22,9933.22,683823.45,314519.65,371.83,168.48,327835.97,220939.79
"02:11","MCS 642","28-04-2025 20:17",90367.19,84000.45,1537.17,1626.43,47707.51,47029.45,25042.91,24906.34,6283.61,6845.19,747.87,739.28,5083.87,5304.23,542.78,577.47,4492.31,4367.05,98017.5,228471.74,9544.17,118837.51,1217757.69,901803.07,321445.85,295817.33,2729905.78,758374.43,80225.42,13866.2,676777.92,311603.31,421.94,163.64,499328.8,337767.64
"02:12","MCS 643","28-04-2025 20:21",112094.39,109992.05,5084.47,5139.08,57433.09,59341.23,46331.52,45768.7,15367.62,16751.98,818.59,867.21,12176.89,12610.89,783.87,773.96,6542.55,6969.31,117807.92,283006.08,29241.37,357708.34,1599120.36,1159704.7,563365.14,547560.36,6716971.67,1879623.16,96457.83,15090.64,1606453.08,743034.08,575.59,242.44,763608.14,484550.89
"02:13","MCS 644","28-04-2025 20:25",70515.17,65357.77,1320.17,1280.43,34270.27,32048.3,22547.58,22311.74,5803.01,6252.13,321.77,328.46,3788.72,3800.32,509.88,533.05,3755.39,3769.68,80932.76,183970.31,8638.42,93813.06,952417.93,676070.35,306279.05,293489.59,2721534.05,758331.78,41195.4,6671.15,556720.09,251756.17,420.66,171.65,445894.02,298137.86
"S1:8","QC MES 5 ppm","28-04-2025 20:29",5.04,4.96,5.08,4.7,4.85,4.78,5.49,5.11,4.88,4.41,4.74,4.93,4.62,4.91,4.87,4.8,4.59,4.91,21259.5,51593.36,107838.52,1196745.87,502036.52,363411.43,280551.36,251200.13,6982486.39,2179585.29,2131833.78,350994.29,2273248.56,1206805.86,15248.18,5387.93,2056313.24,1391848.26
"S1:9","SJS-Std","28-04-2025 20:33",80220.95,76682.63,20069.11,18316.4,38147.95,36325.18,22707.23,23176.75,15635.33,14555.45,543.22,581.6,13380.78,13466.68,639.62,746.45,3682.07,3521.58,34502.46,81187.52,44517.45,507060.81,381812.3,281030.02,119931.66,123217.79,2618741.39,661329.53,24453.43,4283.47,629774.09,327949.34,217.51,83.24,151452.06,102689.26
"02:14","MCS 645","28-04-2025 20:37",107303.91,103899.06,1665.91,1695.14,47877.91,47435.82,33589.24,33539.36,8974.35,9466.01,358.59,345.07,5602.76,5647.1,553.53,631.52,5970.46,6002.79,111062.3,273905.31,10162.97,117971.6,1358494.6,932980.51,438518.83,383849.68,3821361.79,1045368.86,42368.68,6816.71,681644.13,353925.3,448.27,176.43,667955.78,423562.17
"02:15","MCS 646","28-04-2025 20:41",84438.88,90105.48,3543.87,3479.73,43528.88,47355.37,35979.94,38160.79,11391.67,11817.35,547.32,588.69,8830.74,8777.5,695.6,817.46,4922.02,5020.97,109896.76,267342.45,24181.5,281891.35,1352450.64,1007959.3,552996.73,489172.87,5607068.47,1593306.01,73248.4,12179.94,1273433.62,639982.49,614.98,255.56,658610.93,430909.71
"02:16","MCS 647","28-04-2025 20:45",126825.38,128399.5,1387.76,1523.41,61650.44,60184.67,45189.6,45288.7,11348.52,11597.19,597.81,604.67,5302.86,5551.99,789.37,860.42,7106.57,7666.94,135184.25,349328.35,8879.54,108136,1669537.03,1247511.39,549068.28,501464.09,5141905.96,1360633.67,67999.5,11212.45,728881.59,354621.58,603.72,245.19,821045.1,545253.13
"02:17","MCS 648","28-04-2025 20:49",87094.08,94856.52,1681.42,1706.54,37086.34,35325.7,29304.04,28512.18,7382.98,7148.13,249.9,245.32,5368.86,5299.11,479.76,526.26,5124.47,4892.56,108545.24,243838.45,11059.43,134500.07,1053575.39,776997.51,387542.47,361454.91,3242077.98,909130.01,29849.22,4735.1,754134.88,370424.89,414.84,158.46,604749.03,440806.43
"02:18","MCS 649","28-04-2025 20:53",121519.43,121303.05,2121.15,2219.69,49174.73,52786.85,34291.35,34474.18,10378.84,10509.11,311.15,332.61,6874.85,6756.87,935.82,1005.29,7084.1,6832.34,142427.6,344269.21,13203.22,171599.35,1519960.02,993115.98,480023.02,429620.1,4540874.7,1234662.04,36586.26,6382.56,886508.73,418913.22,741.2,295.27,782725.14,530448.7
"02:19","MCS 650","28-04-2025 20:57",88463.9,85764.51,2940.08,3089.63,42143.12,39666.25,33506.5,31096.31,11236.7,11133.13,394.53,425.26,7609.26,7451.73,350.89,429.08,5266.85,5021.46,105327.99,254894.03,20390.2,224534.21,1208312.17,909124.55,453193.06,416931.72,4699782.27,1468774.23,51125.32,8279.77,1021848.49,521292.37,308.84,146.43,631194.77,432196.16
"02:20","MCS 651","28-04-2025 21:01",104072.46,101509.77,1511.69,1571.04,43720.77,43877.03,33286.25,31996.69,8928.06,8865.59,237.24,243.63,4918.67,4481.05,472.84,501.4,5803.99,5918.93,111388.54,265616.48,9478.61,117269.97,1233590.45,908545.51,433584.89,371262.89,3565456.92,1022017.7,29806.78,4624.62,585746.84,301724.66,383.54,151.44,629990.77,436222.44
"02:21","MCS 652","28-04-2025 21:05",99397.78,102063.68,2244.85,2420.14,51087.39,49510.01,31823.7,31498.65,11771.15,12029.88,493.46,455.59,6082.54,6212.71,753.36,797.78,5131.16,5156.28,112177.92,286563.39,15435.41,178987.6,1490828.94,1076900.1,447196.81,411128.31,5286786.54,1423835.65,57247.54,9204.88,881053.26,399583.38,685.2,257.92,626581.38,421253.76
"02:22","MCS 653","28-04-2025 21:09",79090.65,80106.97,1185.76,1266,40488.66,39402.19,22942.82,21789.34,6904.9,6985.63,615.52,602.54,3701.14,3768.93,459.58,503.54,3735.88,3610.82,92872.56,223077.86,7698,92346.11,1169590.21,792357.28,317172.82,290359.79,3067202.72,823919.67,73039.07,11923.6,536291.86,245208.3,392.93,160.17,430659.24,290010.4
"02:23","MCS 654","28-04-2025 21:13",110159.24,118299.82,1356.29,1392.95,57149.98,53846.52,38427.56,37468.07,11097.58,12041.91,533.63,528.86,4499.14,4487.88,646.92,757.99,6196.55,6579.58,125521.42,304442.92,8251.06,101345.39,1649438.54,1089554.49,517445.95,489518.15,4639595.64,1445404.7,65614.68,10651.59,567380.44,287462.35,521.27,213.78,722833.26,521828.66
"S1:8","QC MES 5 ppm","28-04-2025 21:17",4.81,4.98,5.23,4.69,4.54,4.61,5.4,5.18,4.85,4.57,4.7,4.96,4.72,4.96,4.58,4.94,4.95,4.99,20809.17,48819.6,100222.81,1225573.09,531225.85,369866.47,265492.51,261404.19,7057565.84,2033814.05,2078924.9,343299.61,2364656.14,1232461.51,14610.72,5456.68,2138039.24,1362745.02
"S1:9","SJS-Std","28-04-2025 21:21",75284.19,75248.11,18511.95,19245.64,37154.23,35544.11,24533.36,23077.13,15954.78,15015.32,572.26,593.87,12787.23,12423.96,689.31,842.53,3390.22,3436.27,32726.03,80391.14,44704.5,538500.01,388172.19,278026.89,118738.35,120240.89,2445082.96,707553.97,25247.7,4300.95,633331.25,313089.44,201.52,95.45,158811.42,100798.1
"02:24","MCS 655","28-04-2025 21:25",113246.38,114167.83,2027.53,2181.53,58339.36,60745.97,33480.64,33940.58,8817.35,9298.65,852.09,807.93,5539.49,5495.21,773.31,737.83,6127.79,5859.31,123644.48,293848.64,12394.42,154576.01,1691749.22,1207914.54,433318.23,417016.23,3979195.8,1059615.67,93623.59,15550.06,768188.97,367591.21,610.69,237.49,659308.67,478689.77
"02:25","MCS 656","28-04-2025 21:29",69669.5,70361.32,2806.78,3183.7,30798.21,29775.02,24409.82,23418.04,7501.97,7084.12,485.65,491.48,7703.7,7722.25,744.01,856.27,3336.21,3344.29,85627.77,196706.79,19857.2,233001.62,961121.45,716444.06,350783.61,322402.59,3293725.29,923250.76,61073.01,10137.43,1098462.48,576137.55,689.33,261.25,448429.88,299010.35
"02:26","MCS 657","28-04-2025 21:33",96067.5,103337.75,1740.95,1791.2,48132.98,46455.21,32610.18,31986.1,8884.45,9055.74,364,333.1,5864.8,5453.43,390.78,451.56,6371.41,6791.96,118185.95,282309.85,10846.74,128505.39,1491165.37,994406.57,485422.37,446306.64,4238192.89,1204549.36,45836.35,7265.91,818405.28,400805.99,333.54,145.71,833637.29,555739.12
"02:27","MCS 658","28-04-2025 21:37",117697.22,122394.72,3381.61,3576.43,54643.63,58057.09,44260.49,44707.39,13633.25,14248.16,561.38,559.47,9643.89,9326.02,655.8,715.99,6626.48,6691.64,135121.57,353430.07,22013.12,261060.26,1672784.74,1216768.81,614945.64,557247.53,6087814.91,1806385.68,68542,10831.76,1276944.3,638197.89,544.78,218.54,794090.27,550369.86
"02:28","MCS 659","28-04-2025 21:41",78941.7,81466.97,2815.27,2976.34,37252.04,36332.75,25641.65,26716.18,8235.61,8076.24,394.3,418.05,8102.92,8188.07,554.95,589.02,4183,4131.94,92929.99,211065.97,17915.65,218447.08,1093839.72,781159.54,336603.08,332301.59,3478687.2,980062.71,50169.02,7549.91,1078155.39,503190.76,468.54,179.57,481318.23,330361.29
"02:29","MCS 660","28-04-2025 21:45",101034.47,106023.93,3803.05,4117.19,48058.72,48667.07,32821.8,34405.28,11939.54,11814.61,951.14,952.82,8318.08,8246.65,1131.06,1164.83,5656.23,5282.48,110987.26,280476.19,24641.05,311084.46,1369691.57,1010762.46,466377.47,416369.72,5437180.01,1482386.31,119548.46,20237.27,1112868.14,526555.06,875.39,357.57,645469.27,431145.52
"02:30","MCS 661","28-04-2025 21:49",59005.44,57438.69,2464.52,2572.53,28046.26,28758.83,19711.21,19411.56,7071.23,6818.66,584.42,630.66,5134.25,5306.23,742.74,775.06,3016.88,2880.5,62815.29,155915.33,14833.77,179453.82,797003.81,549954.17,258588.7,247313.18,2774440.99,823858.34,71667.37,11103.1,657511.37,308304.19,579.6,233.52,343467.89,227916.93
"02:31","MCS 662","28-04-2025 21:52",65371.12,62650.33,2030.02,2253.02,29211.32,31524.76,17177.77,16686.68,4791.07,4968.12,787.24,808.84,5231.01,5380.04,594.07,631.79,2877.32,2771.42,71109.81,165679.27,12593.51,155021.04,875387.98,633864.74,234163.2,218232.87,2059145.66,578007.9,99947.67,16779.68,707476.34,351949.81,482.66,196.74,313722.64,221985.6
"02:32","MCS 663","28-04-2025 21:56",93427.69,93478.17,2896.62,2897.29,46674.27,48911.94,33505.39,31103.34,11052.05,11278.85,487.38,506.02,8179.43,7981.61,440.14,501.14,5468.21,5441.57,103197.3,258459.02,18100.1,208676.42,1255580.63,886297.25,449616.39,388111.74,4868377.11,1407923.34,57645.46,9445.91,1034069.12,488405.89,361.97,160.21,632696.7,396915.94
"02:33","MCS 664","28-04-2025 22:00",76136.42,83381.52,2082.95,2227.36,39065.61,38666.58,26817.88,26027.99,9494.09,8852.76,381.53,360.94,5309.2,5600.97,611.55,591.51,3804.94,3839.03,85668.85,204878.14,12821.82,148300.25,1022686.37,686158.09,348373.63,330176.04,3794228.59,1061589.58,40231.91,6685.75,689120.98,344327.07,447.9,171.2,403219.08,292971.35
"S1:8","QC MES 5 ppm","28-04-2025 22:04",4.72,4.9,4.82,4.78,4.69,4.8,5.37,5.13,5,4.34,4.68,4.71,4.8,4.72,4.96,4.82,4.87,4.62,21566.11,48550.65,98900.34,1293269.55,506318.49,365387.74,272428.7,260198.65,7179037.01,2169585.08,2026387.84,357119.02,2344167.6,1178154.08,14946.22,5372.82,1985666.99,1426313.2
"S1:9","SJS-Std","28-04-2025 22:08",77681.17,75949.24,20331.74,18572.34,36613.84,36586.97,23809.04,22429.74,15060.47,15318.39,556.3,544.36,12964.02,12435.35,698.38,764.72,3608.73,3633.64,32236.92,78051.64,43014.05,538413.27,385304.12,297189.79,118502.4,122061.72,2472064.55,688114.65,25177.46,4024.73,664900.39,323972.21,213.57,94.46,155980.12,106060.31
"02:34","MCS 665","28-04-2025 22:12",80365.57,88320.09,2002.45,1925.47,32927.94,34802.02,24452.63,24816.92,6702.99,6532.51,315.33,325.49,5769.98,5794.28,588.08,667.65,4082.65,4310.85,96936.76,238214.01,12862.88,147542.17,1000114.42,685710.52,347933.06,335941.22,3229929.51,859779.12,38613.76,6602.86,789173.71,379040.81,501.2,207.7,521706.82,343119.76
"02:35","MCS 666","28-04-2025 22:16",148344.37,150551.86,5171.21,5472.47,73139,73215.12,55673.04,57854.42,18534.04,18622.58,824.66,848.97,12768.6,13840.68,773.15,799.86,8605.09,8882.17,166740.4,412971.6,32338.07,417379.24,2125436.23,1448621.23,822840.21,711559.05,8012508.73,2379917.19,98562.71,16818.84,1856253.84,910836.8,674.33,262.82,1075893.66,711849.2
"02:36","MCS 667","28-04-2025 22:20",103419.04,97248.77,1491.93,1607.16,52987.44,50930.04,28110.13,27793.6,8134.89,7542.97,549.34,544.08,4593.55,4847.76,650.44,737.71,4964.47,5321.43,115126.03,258627.6,9774.36,117634.98,1503026.87,1068857.64,366826.06,345902.15,3413442.74,960694.82,66107.03,10740.39,629052.33,317076,525.21,216.16,603810.33,420872.53
"02:37","MCS 668","28-04-2025 22:24",110348.78,104862.74,1186.53,1334.66,40106.01,42568.31,34416.9,33946.21,8263.75,8673.31,331.17,357.55,4623.94,4431.66,725.25,759.17,5881.33,5667.26,130198.23,302613.39,8036.09,102375.29,1277166.02,856719.56,490641.8,481279.31,3821739.72,1079223.59,44104.8,7118.14,670311.39,312500.5,623.42,262.7,723686.05,493628.3
"02:38","MCS 669","28-04-2025 22:28",104297.24,108427.07,4538.51,4568.14,51630.47,52819.04,44482.54,42397.48,13037.41,13650.86,664.86,699.21,12228.11,12244.88,763.98,826.19,6111.5,6253.83,119637.91,278931.31,27719.72,337122.26,1504509.54,1033100.03,581187.79,533175.6,5575162.74,1598592.9,79010.57,13353.29,1690393.41,808851.26,634.86,252.91,729302.8,497609.57
"02:39","MCS 670","28-04-2025 22:32",111989.12,107648.33,1294.59,1453.77,46368.74,44134.6,31175.02,30328.52,8606.13,9087.29,280.96,291.96,4596.13,4674.05,768.5,874.48,6252.94,6006.33,131863.39,307914.02,9151.42,109649.55,1409597.63,1017453.87,470743.88,446374.16,4297977.63,1149113.44,38213.68,6297.36,668274.35,323398.01,720.71,291.1,809186.46,508960.93
"02:40","MCS 671","28-04-2025 22:36",101422.56,107310.99,3184.13,3432.64,48166.15,51160.9,35941.78,36393.54,12015.98,12239.11,566.79,593.25,9622.14,9029,663.52,739.99,5631.32,5695.61,109468.92,282114.87,18330.39,240280.84,1397210.19,953178.7,475065.27,451900.98,4913824.02,1459011.71,70579.33,10893.95,1177901.06,620681.76,514.96,210.8,693858.41,452967.38
"02:41","MCS 672","28-04-2025 22:40",76696.28,80811.91,3126.93,3180.06,35184.69,33555.55,26306.58,25420.51,8268.95,8655.16,601.83,629.84,7203.79,7225.05,558.46,602.54,3834.63,4066.21,79165.6,203360.44,18323.96,214473.16,875475.53,650055.66,319046.59,299238.12,3419257.31,964017.15,69760.6,11290.61,958009.01,455969.72,466.5,188.84,447798.48,301122.09
"02:42","MCS 673","28-04-2025 22:44",117349.69,117113.53,1532.61,1543.97,52770.35,51995.27,35916.01,35317.36,10059.74,9670.65,289.3,303.93,4932.14,4524.76,485.15,502.62,6396.45,6827.4,133098.75,320038.4,9462.96,116845.13,1544979.31,1060928.76,495576.45,428664.08,4482381.45,1210582.26,36853.41,5467.53,681156.44,326180.34,390.65,145.57,826046.35,519343.46
"02:43","MCS 674","28-04-2025 22:48",87560.65,87826.27,1701.75,1849.15,38287.8,36512.59,27559.53,27295.72,7536.98,7458.25,898.2,873.64,4995.84,5085.8,719.73,741.19,4407.78,4289.88,97090.67,236301.44,9894.15,120984.27,1101139.11,777917.28,354907.36,331791.54,2997347.94,884417.51,100570.42,16480.6,656444.01,302949.68,559.65,228.31,514186.67,322520.02
"S1:8","QC MES 5 ppm","28-04-2025 22:52",4.94,4.69,4.78,4.55,4.93,4.59,5.17,5.29,5.16,4.45,4.49,4.67,5.05,4.93,5.03,4.86,4.9,4.99,20380.34,48928.53,103582.4,1237989.55,512887.57,377625.3,273727.78,245506.88,6881708.18,2011541.58,2050663.66,345093.9,2521219.54,1221998.09,13943.72,5482.4,2154351.08,1390379.97
"S1:9","SJS-Std","28-04-2025 22:56",77678.21,82197.05,18542.01,19701.22,38521.76,35204.97,23359.69,22494.12,14930.65,14552.02,574.71,547.92,12440.42,13068.7,635.43,738.28,3625.06,3619.55,34371.85,78892.55,45868.45,521619.58,381999.65,275427.85,117522.32,119098.94,2428139.03,706166.88,25313.33,4141.64,654936.01,309108.49,203.6,82.42,148729.2,99179.63
"02:44","MCS 675","28-04-2025 23:00",63718.29,66789.45,1514.26,1514.78,29265.92,29400.69,17913.9,18402.77,4572.69,4512.39,285.06,268.53,4290.1,4442.54,345.09,383.44,2946.24,2768.65,68620.06,169940.92,8487.02,107187.36,814034.4,568007.86,247862.75,230416.82,1998564.17,533195.45,32533.81,5267.6,586698.15,260761.76,257.43,107.2,306959.7,206324.3
"02:45","MCS 676","28-04-2025 23:04",93547.72,93382.46,1580.82,1724.6,39607.14,43634.19,26551.22,26106.26,7189.37,7309.45,508.69,487.66,4852.59,4867.75,653.1,708.99,4346.1,4510.75,105330.8,250763.31,10503.99,128502.68,1222822.15,893649.35,394817.18,374443.12,3431158.98,920996.85,66282.33,9989.19,659866.31,320873.15,598.97,226,571370.72,390218.9
"02:46","MCS 677","28-04-2025 23:08",105437.67,106885.23,1639.13,1655.71,49357.63,51900.9,33204.92,33911.76,9656.47,9592.26,609.66,645.25,4247.01,4127.68,522.49,571.33,5986.93,5771.06,106093.93,271491.18,9011.78,113282.64,1369075.32,968184.26,416571.61,412686.15,3963364.08,1187694.48,72138.98,11483.98,548067.57,269513.13,402.63,162.89,612946.88,435507.59
"02:47","MCS 678","28-04-2025 23:12",85232.42,93888.45,1420.56,1468.78,41623.57,41787.34,27702.78,24763.37,7443.65,7969.88,209.48,208.85,4442.6,4525.35,488.11,522.92,4802.97,4625.09,96222.05,246391.48,9216.05,105887.51,1124982.6,845257.4,356096.39,319296.56,3153737.62,916407.02,24702.56,3954.55,597555.41,266835.81,365.6,160.08,538390.14,366277.33
"02:48","MCS 679","28-04-2025 23:16",96984.69,102321.14,2685.64,2904.14,48501.49,52539.1,38110.97,35779.41,12211.03,12016.99,540.67,509.41,8255.25,7680.69,501.37,543.71,5715.19,5951.65,111614.02,270216.03,17708.02,214291.61,1545226.5,1106259.9,500964.78,468654.33,5346939.15,1603301.61,68901.1,10412.51,1065733.51,541598.51,429.98,170.39,697634.75,496038.65
"02:49","MCS 680","28-04-2025 23:20",64068.46,67236.76,1953,2109.81,28091.57,28129.69,18581.77,17711.84,4639.07,4921.34,605.56,646.58,5301.81,5296.83,787.59,832.92,2574.15,2582.44,75033.8,187557.41,12815.04,147831.28,878047.8,636175.22,250098.38,247022.31,2121252.87,622681.86,73534.06,11967.22,734067.28,352765.01,702.18,269.15,310986.39,225840.57
"02:50","MCS 681","28-04-2025 23:24",84007.94,80562.05,2411.68,2256.67,35455.11,33305,23507.17,23116.39,6446.89,6575.99,229.69,212.74,5160.78,5170.6,484.48,496.97,4174.13,4073.48,102188.42,246646.82,15392.21,195414.49,1100645.22,757598.5,367209.71,330857.27,3046794.41,854386.07,30366.28,4509.13,762298.49,354762.88,408.77,172.17,549298.51,366067.8
"02:51","MCS 682","28-04-2025 23:28",78692.4,81147.81,2351.22,2234.57,35724.29,33148.63,20273.18,18094.08,5695.21,5817.95,250.84,253.09,5574.96,5618.87,661.79,746.08,4189.42,4081.76,90139.75,220268.14,13654.01,173026.63,1024377.74,720997.86,264783.63,258849.23,2490137.13,732199.78,29457.26,4969.16,794136.84,383177.73,563.95,238.8,483643.7,333946.73
"02:52","MCS 683","28-04-2025 23:32",95559.24,101166.7,4386.41,4521.22,47009.97,49534.2,37715.44,34925.77,13087.67,13364.62,578.94,604.62,9967.36,9559.85,832.03,935.57,5427.98,5373.49,122378.74,278428.51,27449.57,353693.33,1586162.92,1111487.82,537680.52,488139.35,6014018.51,1631622.5,77609.49,12015.62,1401575.21,735196.68,738.91,307.56,732199.35,487480.22
"02:53","MCS 684","28-04-2025 23:36",82473.97,86123.47,4206.09,4425.38,44669.09,42506.75,35410.93,32707.62,10271.19,11081.14,599.62,632.14,9704.35,9254.6,630.1,679.37,5139.09,5050.19,91842.2,232440.39,27188.95,331080.04,1286090.43,929911.42,475676.7,451164.4,4658260.27,1267824.42,72864.48,11837.24,1275823.52,637335.51,531.79,217.95,614261.56,418291.93
"S1:8","QC MES 5 ppm","28-04-2025 23:40",5.04,4.63,5.12,4.32,4.8,4.91,5.36,5.23,4.86,4.42,4.66,4.95,4.66,4.86,4.87,4.94,4.73,4.5,20804.95,47589.84,99472.8,1182348.32,513359.05,380054.51,277173.42,241276.27,6864970.11,2026322.94,2118476.06,345994.77,2457029.73,1193344.06,14234.03,5260.46,2125568.39,1464529.72
"S1:9","SJS-Std","28-04-2025 23:44",80174.95,82655.19,18888.43,20149.44,36380.03,35529.46,23222.2,22688.02,14665.73,15619.27,553.93,559.74,13086.88,12707.51,650.58,751.13,3477.85,3661.91,33281.31,80075.27,46110.79,509846.67,394822.22,269255.59,121413.74,127454.37,2442819.54,716500.94,24604.79,4317.14,641249.51,307335.68,200.09,84.17,161110.06,101924.51
"02:54","MCS 685","28-04-2025 23:48",59504.34,64526.5,2749.91,2655.07,29870.89,29953.53,16924.73,15713.51,3884.82,4188.83,492.85,491.36,6557.82,7041.28,619.01,681.33,2357.65,2222.94,75795.77,188256.28,18024.02,216535.34,873672.82,608147.72,227265.02,236473.16,1943691.63,550733.5,61626.59,9722.05,979970.42,476372.85,594.29,219.91,291827.22,200210.47
"02:55","MCS 686","28-04-2025 23:52",91302.57,94688.18,3205.97,3399.68,43876.74,44923.89,22519.5,23310.02,6978.65,7152.9,609.17,619.04,8650.7,8061.54,1145.18,1247.07,4287.17,4217.9,109474.3,250315.61,20001.86,237069.1,1335021.79,875111.39,321762.48,311673.62,3133893,951902.85,77551.32,11749.34,1145589.23,557756.89,950.37,399.07,511770.21,358550.01
"02:56","MCS 687","28-04-2025 23:56",90791.95,96634.54,1966.73,2099.28,40567.94,39244.26,33269.3,35950.77,9267.06,9477.31,328.81,341.96,7071.88,6681.38,470.31,464.02,5164.51,5218.7,113055.73,266615.19,12473.19,163679.17,1277358.18,908905.15,477681.71,437386.5,4571676.14,1278535.76,43469.7,6905.73,968503.78,476494.6,393.17,156.74,654179.37,433992.82
"02:57","MCS 688","29-04-2025 00:00",85802.1,91592.46,1875.19,1934.07,39535.56,39822.01,23962.18,24691.53,6761.89,6824.71,200.98,204.59,5805.8,5791.35,540.02,588.45,4240.27,4369.01,87514.91,214480.75,10924.5,126730.98,1048024.55,811193.96,301493.99,292982.42,2720548.2,782259.88,21281.77,3507.29,728105.94,365964.71,418.31,166.9,483817.09,314816.67
"02:58","MCS 689","29-04-2025 00:04",94907.51,96409.4,1742.03,1739.51,37643.2,38796.24,31374.86,31870.17,6477.53,6232.89,482.74,506.22,5687.54,5679.66,531.22,597.21,4019.01,3882.17,110324.71,259632.98,10247.94,134039.31,1103146.42,775035.09,441039.1,392454.11,2701722.79,768889.8,57817.99,9341.53,744385.81,358825.22,432.9,185.26,485921.38,331589.16
"02:59","MCS 690","29-04-2025 00:08",76890.6,79837.52,1652.1,1640.66,35304.09,33375.72,23163.04,22751.88,5393.52,5848.66,270.25,266.66,4758.08,4613.81,445.82,474.4,3380.14,3655.62,81299.17,204031.78,9288.5,109611.79,939985.58,646267.59,300086.07,257417.56,2401375.13,682954.22,30954.08,4973.49,604508.5,288972.32,341.67,132.96,406987.59,274261.7
0.12,"MCS 691","29-04-2025 00:12",73948.31,77866.64,1542.15,1549.86,36459.86,35691.61,20801.48,21066.26,6350.84,6495.6,287.46,285.43,4278.98,4408.07,682.5,692.66,4131.44,4228.87,79064.33,191682.12,8934.2,104536.72,955011.32,729245.57,265897.9,242106.55,2667674.42,717954.86,33699.67,5141.08,563908.41,256456.51,476.64,186.71,457205.33,287631.87
"03:01","MCS 692","29-04-2025 00:16",83146.71,87720.25,3149.18,3157.02,42931.53,40331.68,23565.57,24252.35,6971.93,7068.36,1105.11,1072.39,8763.58,8997.54,819.31,840.69,4363.31,4286.96,94358.46,235223.49,20338.88,238457.17,1238541.35,905923.62,317957.42,298924.72,3155724.81,926676.28,138095.89,20540.65,1227276.07,561490.23,639.99,256.79,497324.66,354363.44
"03:02","MCS 693","29-04-2025 00:20",78469.35,74636.71,2772.95,3074.48,34514.15,34934.55,26683.98,27702.43,7047.35,7518.08,629.55,608.6,8904.91,9163.48,633.54,691.34,3860.08,3907.02,83619.8,215929.64,18615.9,229688.04,1018898.22,692641.46,391273.36,350162.1,3248066.83,964567,75638.09,12232.87,1279146.85,592005.54,550.93,225.38,468948.62,318582.57
"03:03","MCS 694","29-04-2025 00:24",93479.03,96122.83,1136.44,1165.93,39313.96,40121.98,32316.84,30658.14,8930.48,8852.4,505.01,552.09,3542.7,3593.88,405.81,412.53,5141.27,5197.47,113792.89,265431.59,7927.55,93176.86,1170746.28,914193.92,474239.48,431396.37,4040805.83,1154338.22,70889.6,10752.22,528774.79,256661.79,341.87,136.53,618247.4,465190.01
"S1:8","QC MES 5 ppm","29-04-2025 00:28",4.63,4.67,4.79,4.54,4.55,4.73,5.55,5.3,5.12,4.55,4.52,4.74,4.66,4.94,4.87,4.78,4.82,4.67,21442.36,50418.34,99171.26,1261051.01,506885.1,367025.46,267953.71,264673.66,7569986.53,2140524.76,2157194.2,336622.09,2424815.16,1207165.38,14334.86,5455.7,2163803.17,1441418.02
"S1:9","SJS-Std","29-04-2025 00:32",77639.89,82297.77,19676.06,18445.54,35716.59,35780.27,22978.95,24096.2,14722.84,15221.68,567.3,564.74,13329.7,13106.21,639.57,787.34,3595.62,3506.09,32950.61,80508.04,46680.82,541313.26,379387.11,290797.86,123978.69,119224.33,2598101.65,686314.9,24460.37,4191.72,677017.73,321454.58,212.89,87.45,154227.78,107430.19
"03:04","MCS 695","29-04-2025 00:36",77793.96,80048.68,2031.9,2122.8,32697.35,31415.06,19000.95,18506.35,6707.41,6189.05,240.02,254.08,5732.69,5570.01,655.89,748.85,4402.57,4335.21,89381.57,217758.35,13511.32,151837.21,853427.52,666263.96,257376.5,237140.75,2627389.19,773646.99,29667.61,4860.49,762494.88,352872.23,556.57,228.09,497414.01,340077.92
"03:05","MCS 696","29-04-2025 00:40",87563.28,93480.16,3402.77,3729.48,42630.32,40019.79,23923.73,22240.67,7251.42,7481.85,512.1,530.33,8839.52,9454.89,1000.88,1071.08,4182.65,4326.62,93314.45,225865.85,19520.11,242790.43,1031418.26,804277.62,306187.62,284953.75,2901308.4,803689.08,54823.59,8942.9,1117185.96,557861.32,822.35,319.27,453590.51,314311.2
"03:06","MCS 697","29-04-2025 00:44",78564.48,77569.71,1161.68,1260.52,36735.87,34512.76,24275.97,24190.39,6285.37,6254,215.92,208.52,3926.27,3951.71,356.65,403.5,4486.01,4152.18,93897.61,206198.99,7671.15,94563.47,1100094.79,785157.16,347046.6,329491.26,2828555.86,805690.22,27672.82,4602.63,541429.31,276463.92,304.16,133.58,517539.88,380747.97
"03:07","MCS 698","29-04-2025 00:48",78299.42,82129.43,1587.76,1635.67,36559.79,38181.76,27515.26,27679.4,7364.57,7030.31,721.13,721.52,5163.48,5440.83,527.67,591.4,4151.92,4429.98,93626.48,241661.37,10259.39,129255.33,1113373.65,812436.56,417125.31,366131.65,3262418.9,900058.8,88958.59,15363.19,768704.59,366774.81,475.68,194.59,552476.79,373335.59
"03:08","MCS 699","29-04-2025 00:52",76110.2,77792.03,2575.38,2729.36,36825.24,38715.55,26628.85,25942.76,9314.66,9666.83,333.93,337.06,5812.79,6107.56,310.85,342.8,4427.89,4324.67,84577.86,198847.2,14295.59,174241.69,1067719.5,740731.02,323857.89,325303.22,4075188.3,1106445.95,40344.56,6137.68,720594.5,379545.91,262.66,102.99,456078.79,334921.99
"03:09","MCS 700","29-04-2025 00:56",69212.07,68104.06,1847.41,1869.68,29742.3,28724.8,22117.35,20865.46,5180.81,5166.48,566.04,554.63,5247.46,5226.29,448.48,534.95,3112.57,3025.05,81313.62,184341.67,11106.99,136901.39,790185.83,545386.75,283845.68,274720.41,2256658.94,639703.67,64053.92,10997.01,668999.29,330497.74,366.73,156.45,354272.08,242831.86
"03:10","MCS 701","29-04-2025 01:00",121224.87,118187.22,1878.64,1935.6,48572.93,48850.74,32439,30363.24,9595.83,9876.54,340.47,321.97,5115.34,4955.9,861.03,884.1,7022.09,6536.42,123356.72,306817.09,10891.21,133866.82,1366904.41,913815.71,400786.09,387311.63,3990861.11,1178421.43,39792.27,5919.66,661192.69,327281.98,679.38,257.37,765683.14,521152.47
"03:11","MCS 702","29-04-2025 01:04",42575.43,38506.25,1232.76,1264.92,17656.73,18176.43,7830.78,7816.59,5816.23,5407.39,91.86,90.14,2966.32,2991.71,188.82,180.57,3399.4,3305.52,48845.51,116606.63,8003.65,96080.4,569836.39,399687.69,114199.96,112727.1,2564796.11,699857.79,12554.49,1977.6,447974.38,215860.93,165.82,56.86,407527.66,264094.98
"03:12","MCS 703","29-04-2025 01:08",82768.59,86282.12,1484.5,1511.83,41581.73,40452.96,26962.75,25587.88,7379.19,7050.69,351.88,350.45,4783.17,4817.61,464.67,514.81,4961.05,5289.88,96687.75,213678.44,9416.11,108039.91,1203012.62,806089.75,332544.37,300459.85,2907306.29,809394.68,39579.15,6605.29,602405.97,294890.1,371.56,146.7,571851.54,369946.56
"03:13","MCS 704","29-04-2025 01:11",79317.45,78326.09,1892.73,1899.15,33704.21,35747.59,27178.2,27567.35,6979.39,6910.07,490.97,478.95,3277.51,3217.39,356.53,378.23,3998.63,4354.4,93815.07,211173.18,11918.94,143013.02,1084304.34,751840.55,390323.65,373338.45,3031423.9,864346.26,63091.58,9803.08,465493.53,219580.11,312.81,125.85,528698.63,352772.09
"S1:8","QC MES 5 ppm","29-04-2025 01:15",4.76,5.05,5.17,4.45,5,4.8,5.26,5.21,4.82,4.48,4.86,4.84,5.06,4.81,4.98,4.84,4.54,4.6,19803.06,48104.94,106924.95,1202377.77,525786.76,375436.82,263578.96,246353.14,7019946.96,2006425.23,2135460.06,363813.84,2406161.7,1244212.98,15032.14,5358.29,2098533.11,1429146.32
"S1:9","SJS-Std","29-04-2025 01:20",82521.62,75742.58,20215.34,20220.27,37190.32,35977.84,22918.39,22709.85,15439.36,15724.53,565.95,561.65,12835.44,12270.45,647.95,768.2,3408.95,3439.8,34171.26,83981.77,43219.33,548986.37,384906.85,272313.58,122880.5,123186.65,2372826.27,675188.59,26031.24,4011.74,654658.38,322762.74,198.93,89.35,158329.16,108831.01
"03:14","MCS 705","29-04-2025 01:23",67000.44,66432.58,3666.01,3551.82,28748.73,29460.3,19837.68,21173.99,5181.04,4987.27,377.53,389.51,4630.86,4586.82,689.91,735.48,3136.9,3000.42,73653.43,175518.52,22019.3,244237.63,772990.93,569719.79,271920.48,262138.9,2080276.23,622810.14,43454.6,7392.73,593247.37,278913.48,572.39,216.02,350390.34,238092.53
"03:15","MCS 706","29-04-2025 01:27",74000.94,75621.75,3251.98,3429.88,31564.59,34691.71,19748.02,19526.15,5835.72,5616.53,317.8,315.73,5559.91,5501.93,561.39,605.91,3709.99,3557.58,86010.68,199158.85,20590.44,244189.58,963699.68,689227.3,274715.83,265198.88,2589036.38,713201.98,42141.52,6940.67,773730.47,397978.3,500.14,203.12,450724.44,309960.11
"03:16","MCS 707","29-04-2025 01:31",64856.77,68376.38,2486.8,2486.51,31005.47,32685.31,15239.09,14317.65,4819.23,4526.84,703.59,697.84,5411.5,5603.09,495.77,548.78,3133.68,2892.66,73166.85,172718.44,16424.8,180673.61,916253.98,660636.77,205936.89,187888.06,2153068.55,586636.7,87585.68,13890.87,742696.1,390084.96,415.98,175.48,337892.89,229683.76
"03:17","MCS 708","29-04-2025 01:35",70451.12,70810.82,4399.91,4707.62,38941.29,40453.11,30564.7,28907.2,10702.71,10075.53,631.26,591.08,8781.98,8954.51,668.12,767.86,4555.47,4202.24,83518.84,190312.22,27922.06,337901.12,1150889.28,811593.4,419532.99,388411.83,4614356.86,1248730.13,77299.41,12234.35,1198199.8,568903.61,567.74,221.37,497627.07,355918.89
"03:18","MCS 709","29-04-2025 01:39",66939.29,64556.13,2164.53,2219.49,28895.47,27793.24,21860.96,20991.4,5194.04,5057.06,547.8,586.69,6175.57,6132.03,332.7,367.01,2985.17,3014.6,72915.88,172690.46,14231.86,168787.84,755769.8,539635.38,276751.38,264323.72,2208872.03,616109.89,66908.94,10906.79,819762.69,409256.79,260.91,113.13,330971.05,233332.88
"03:19","MCS 710","29-04-2025 01:43",62476.31,60588.69,1963.27,1987.64,26396.48,28316.18,16997.17,16937.44,5099.4,4854.67,681.56,666.17,5167.98,4867.68,390.54,422.64,2901.09,2938.3,70867.78,171436.42,12315.63,143830.42,728351.18,567774.12,221912.85,230227.38,2085731.67,564765.29,75791.35,12833.83,637443.93,320269.61,308.72,122.7,321237.58,216135.22
"03:20","MCS 711","29-04-2025 01:47",87474.29,88238.9,1398.21,1552.93,45593.73,43529.24,29755.04,27094.97,8942.9,8753.63,675.91,701.24,4010.37,4120.42,362.86,426.11,4776.29,4986.12,93225.32,220767.78,8327.11,108617.41,1208169.71,885817.08,389503.78,335538.52,3500247.16,982555.17,76787.87,12294.09,526534.99,246185.11,321.1,127.77,561743.58,377306.89
"03:21","MCS 712","29-04-2025 01:51",76511.03,73084.18,2776.21,2924.67,32627.69,34920.7,18821.83,19459.93,5831.28,5428.41,205.18,213.07,4120.29,4132.34,512.71,544.2,3656.19,3579.63,79601.77,203504.78,16717.71,205379.37,939147.37,650901.59,253287.8,237177.22,2324563.75,662058.95,25436.66,4068.87,550429.72,262096.97,396.12,165.64,414340.73,277808.61
"03:22","MCS 713","29-04-2025 01:55",67185.77,65292.95,1924.19,2013.6,28604.51,28713.77,20565.4,19799.52,5175.3,5166.63,1049.41,1021.49,5194.36,4978.89,628.95,645.41,3224.76,3154.53,81704.64,195583.65,12205.6,151638.23,848688.97,597136.63,277817.95,250560.93,2307319.87,660480.94,123750.08,20204.67,676206.35,340503.02,491.6,201.88,360361.73,253776.13
"03:23","MCS 714","29-04-2025 01:59",80849.2,83203.1,1134.14,1159.03,35656.29,34966.87,27651.37,26465.83,7498.23,7776.43,388.77,393.42,3593.09,3742.05,351.21,386.73,4691.55,4504.01,96755.77,236391.15,7405.24,91543.85,1089413.8,767422.74,379203.41,353010.81,3531652.8,1003068.32,47695.66,7446.08,513218.24,248836.02,303.91,121.4,598963.74,402999
"S1:8","QC MES 5 ppm","29-04-2025 02:03",5.04,4.94,4.8,4.74,4.79,4.96,5.43,5.31,5.14,4.54,4.67,4.67,4.85,5.14,4.91,4.86,4.92,4.82,21662.87,50197.09,106090.09,1287450.16,515575.72,352550.72,260248.07,251148.42,6961587.73,2183858.05,2132689.85,363771.3,2381800.51,1234249.54,13974.74,5287.87,2161969.77,1420106.44
"S1:9","SJS-Std","29-04-2025 02:07",75683.88,82052.5,19664.6,19548.41,37080.92,36028.54,23942.05,24427.23,15717.29,15691.59,558.33,564.46,12919.61,12905.1,698.41,781.22,3390.4,3481.41,33924.67,77725.35,47368.62,516032.2,404800.01,278056.52,124383.7,122550.56,2397321.67,688291.11,25957.26,4078.19,671722.89,328674.33,224.49,91.13,148313.46,100550.95
"03:24","MCS 715","29-04-2025 02:11",65704.6,66360.25,2058.3,2109.04,30202.03,31077.54,24053.49,21850.01,7603.48,7588.88,523.23,521.04,4841.32,4559.35,511.55,580.09,3741.91,3433.08,78949.42,178530.54,13436.71,158662.95,836372.18,626548.4,305716.41,275176.81,3322429.3,942095.32,64334.43,10359.03,625627.5,297675.21,439.58,171.28,421381.62,278579.53
"03:25","MCS 716","29-04-2025 02:15",68651,72470.63,2239.31,2279.75,29156.55,31004.58,16604.43,16604.86,4998.36,5054.05,739.23,780.55,6399.87,6312.21,603.93,598.9,3086.69,3111.55,79815.11,186673.35,13882.37,164931.34,851826.18,622389.11,236373.8,213782.91,2218459.69,584064.57,91861.27,14773.47,783133.81,383629.47,473.11,192.76,329205.86,228060.36
"03:26","MCS 717","29-04-2025 02:19",61002.48,59949.47,1866.75,1747.33,28355.76,29696.92,18169.48,17255.85,4697.79,4398.04,233.09,232.09,5627.6,5533.56,454.11,512.01,3336.51,3142.57,71676.2,164678,11452.03,132503.24,820602.87,618496.25,232075.13,228639.68,1998318.22,566502.14,27239.4,4254.5,727308.93,335368.2,381.75,162.05,390106.78,257658.88
"03:27","MCS 718","29-04-2025 02:23",76728.55,70527.82,1489.63,1585.9,34625.86,33456.87,22924.3,21232.02,6020.75,5966.84,489.31,462.65,4414.01,4171.03,511.8,635,3683.64,3811.58,75075.89,178739.25,9544.41,104722.31,858254.4,644147.66,292239.69,273506.9,2412425.75,695512,54667.24,8857.12,540974.97,256844.71,427.99,175.54,394568.91,276961.56
"03:28","MCS 719","29-04-2025 02:27",58989.57,54707.63,2261.68,2374.12,28714.03,27459.61,20223.49,19597.09,6636.3,6446.07,470.3,436.17,4830.9,4745.93,660.25,731.13,3054.22,2790.39,67034.88,146371.21,13955.43,172167.09,814221.95,556030.44,258063.04,244628.71,2883952.76,782468.16,51465.45,8724.5,657023.05,313902.15,563.67,221.52,339100.94,225945.63
"03:29","MCS 720","29-04-2025 02:31",46246.01,46114.6,1599.25,1580.84,22558.02,24247.78,10936.06,11286.04,4294.54,4182.25,533.38,536.5,3430.51,3627.68,382.89,380.34,2520.02,2636.55,51371.33,123404.33,9059.01,111380.97,599001.53,469470.85,136464.95,141398.27,1826426.12,523029.6,63198.51,9788.26,454468.39,207729.35,292.12,109.1,262137.55,192270.14
"03:30","MCS 721","29-04-2025 02:35",59320.44,62433.62,2849.31,2883.22,28913.1,27672.93,21865.34,22092.71,6179.58,5872.04,288.48,292.89,6463.81,6494.46,500.41,511.73,3640.13,3573.2,69044.85,160514.77,17910.59,208777.23,752345.69,520855.42,282318.55,272519.58,2383372.49,649638.34,32710.6,5459.45,863323.66,423491.01,370.64,144.84,414504.73,283354.64
"03:31","MCS 722","29-04-2025 02:39",80694.11,86399.81,1397.54,1428.07,38051.66,37159.79,26253.63,24471.97,7757.71,7777.8,207.95,221.5,3890.83,3881.09,425.58,440.8,4730.28,4816.05,92390.26,211013.15,7903.69,95538.76,1021236.2,706103.6,342823.48,315113.94,3225964.3,859170.74,23759.18,4095.01,514769.14,243156.16,339.86,127.76,517165.7,360851.18
"03:32","MCS 723","29-04-2025 02:43",67212.17,66137.05,1602.66,1548.95,26293.96,26472.8,19173.16,19800.95,4605.21,4630.19,186.95,194.63,4322.27,4588.08,321.67,356.65,3164.64,3290.23,79306.98,178016.05,9588.76,112469.83,783540.99,530041.77,255406.65,252059.63,2116256.06,577238.45,23291.59,3576.72,604827.83,278991.76,279.67,110.39,376560.75,251077.5
"03:33","MCS 724","29-04-2025 02:47",57078.49,57483.05,2037.73,2066.45,27034.03,25849.25,19315.14,17478.13,5993,5827.83,380.07,365.65,4780.57,4765.34,432.74,506.18,3026.22,2879.14,63647.71,155989.41,13644.61,153455.61,728598.09,502836.62,240683.42,237325.17,2712649.46,718137.35,42951.4,7298.42,645332,296000.24,374.86,154.78,334734.62,240047.34
"S1:8","QC MES 5 ppm","29-04-2025 02:51",5,4.71,4.25,4.46,4.77,4.76,5.11,5.47,4.88,4.41,4.75,4.79,4.75,4.95,4.58,4.93,4.95,4.71,21795.01,51874.14,101191.94,1279429.27,510810.25,361257.18,269317.65,242742.87,7480822.36,2034601.54,2186771.1,356199.81,2462341.67,1238368.99,14429.99,5450.35,2030238.46,1482017.26
"S1:9","SJS-Std","29-04-2025 02:55",76430.57,82116.14,20394.36,19465.31,37041.78,37395.03,25095.72,23586.6,14691.96,15623.93,570.59,597.51,12379.41,12391.96,654.03,760.09,3595.92,3537.64,35278.9,81942.17,47543.67,508243.6,399434.69,269020.28,119202.63,128238.09,2569197.26,698484.57,24678.41,3937.66,690193.84,303118.71,196.41,82.08,158509.3,102779.47
"03:34","MCS 725","29-04-2025 02:59",65395.24,65362.05,2667.63,2747,31512.24,30949.84,17506.3,17124.99,5532.62,5524.7,403.64,372.53,7170.58,7374.29,679.93,728.28,3208.54,3202.78,76637.17,178858.36,17722.52,212174.15,952220.74,661844.93,236031.96,219363.04,2455287.91,649867.6,47328.37,7518.11,1008362.43,482074.86,569.64,227.27,371669.12,252051.57
"03:35","MCS 726","29-04-2025 03:03",68453.3,68154.27,2630.79,2769.62,29634.81,27422.66,17205.84,17202.63,5146.63,5146.46,327.88,304.48,6546.71,6441.83,591.22,676.8,2959.06,2952.24,76329.8,189058.15,17493.18,199501.33,816954.65,558673.39,238120.85,216725.48,2177580.63,615971.97,38242.48,6167.01,850750.38,417367.11,483.26,198.98,342086.04,231779.1
"03:36","MCS 727","29-04-2025 03:07",71818.02,75665.65,2862.45,3075.81,30377.24,30790.41,22962.92,22942.55,7851.67,7856.72,279.62,269.28,9440.31,8661.64,394.89,446.88,3639.55,3451.84,89038.1,211938.19,18238.35,227306.65,914643.82,613059.22,341547.68,320111.24,3496414.49,1011726.79,36529.08,5528.55,1256424.55,634037.59,336.52,134.23,434364.02,291253.29
"03:37","MCS 728","29-04-2025 03:11",68121.15,74647.57,2104.77,2212.78,31418.77,29661.48,19082.75,18871.14,5549.14,5295.54,231.84,240.69,5932.19,6139.59,623.24,667.96,3417.43,3387.06,81050.29,187115.36,13103.1,156315.63,848180.46,579616.89,245764.04,234017.92,2270802.51,613500.16,28118.82,4538.6,779798.15,350726.64,526,191.15,406062.87,265008.09
"03:38","MCS 729","29-04-2025 03:15",71962.44,68668.19,1948.24,2064.58,29283.18,31703.06,17968.95,16950.63,5140.91,5105.59,360.6,368.82,5208.28,5227,553.22,606.69,3277.47,3390.86,72404.9,178353.83,11898.13,135735.66,866517.36,584609.51,239046.43,211468.93,2169201.26,600693.45,40394.8,6369.76,687430.84,304442.2,430.02,172.2,355088.49,245843.05
"03:39","MCS 730","29-04-2025 03:19",82435.27,84499.51,1564.54,1484.98,37622.57,39679.58,21742.3,23029.11,6681.5,6664.54,226.58,237.55,4423.17,4400.5,542.93,589.91,4188.21,4189.77,89659.87,207447.2,9118.21,109133.57,1104044.59,755901.15,295546.12,268781.72,2722595.53,782218.34,27346.32,4211.84,606949.49,291525.67,431.63,174.63,469569.82,333349.65
"03:40","MCS 731","29-04-2025 03:23",63070.73,63118.21,2145.25,2304,28264.28,30554.84,20590.02,18987.94,7212.52,6978.91,308.64,290.11,4929.62,5418.17,457.29,493.23,3227.6,3244.76,67990.81,170497.24,12936.99,163038.89,770636.83,551358.86,267024.79,248097.18,2996034.45,830801.48,31881.87,5166.07,648599.47,325693.69,357.63,138.78,360869,261114.91
"03:41","MCS 732","29-04-2025 03:27",78654.46,77581.73,1341.15,1381.8,34837.38,33160.99,24465.7,23390.21,6124.71,6315.6,585.08,573.9,4311.19,3895.21,415.47,497.54,3960.06,3959.83,89992.01,219705.36,9017.24,110818.24,1049563.36,756463.22,337842.52,318628.27,2937084.68,803994.43,70087.17,11739.46,571896.65,288418.61,367.44,162.87,473926.57,311684.74
"03:42","MCS 733","29-04-2025 03:31",77344.76,78685.72,2597.15,2621.41,28534.59,29735.07,23575.69,23044.55,5989.4,5620.2,289.75,274.34,7142.4,7569.32,419.91,465.76,3197.07,3296.04,83266.57,200220.73,14908.12,176475.01,808492.46,558329.99,323420.65,303485.62,2425272.07,648193.98,32615.24,5665.45,987588.43,468224.31,343.67,135.98,374432.68,246779.24
"03:43","MCS 734","29-04-2025 03:35",82998.62,83722.42,2857.25,2884.07,38292.93,37263.2,27879.16,25970.83,7174.8,7466.68,318.38,312.82,6848.44,7193.79,610.41,650.92,4023.39,4119.76,92704.52,206904.06,17487.62,195645.39,1053576.3,698332.81,326019.8,320175.07,3069543.04,844420.82,35367.36,6147.56,899590.72,462383.15,474.68,187.85,478312.93,315119.45
"S1:8","QC MES 5 ppm","29-04-2025 03:39",5,4.97,4.39,4.37,4.67,4.7,5.62,5.11,5.18,4.37,4.49,4.85,4.84,4.83,4.77,4.62,4.8,4.91,20245.49,49045.17,103543.26,1210790.49,507287.62,375488.98,264977.78,243856.85,7508918.96,2040778.17,2036651.38,339107.81,2469683.7,1240633.26,14904.47,5500.61,2154295.52,1452384.36
"S1:9","SJS-Std","29-04-2025 03:43",81688.48,79258.99,19728.73,19717.33,37857.25,37063.42,23041.28,24595.19,14671.28,14728.35,547.99,582.26,12683.19,12804.92,655.09,683.9,3590.92,3488.22,35594.07,77861.13,45604.52,531420.6,391095.87,279983.76,126337.37,118626.83,2450330.52,734763.8,25554,3993.01,631951.95,322677.01,213.6,78.03,150273.61,108075.84
"03:44","MCS 735","29-04-2025 03:47",61006.6,62152.12,1385,1529.38,25495.55,27431.73,19693.14,18497.29,4584.37,4946,529.06,538.48,3890.26,3746.99,378.6,437.19,2925.19,3017.53,69525.92,171064.32,9909.96,118465.61,802653.24,604409.85,261999.76,252401.81,2284701.5,630038.99,71975.14,11851.87,519849.92,255915.54,366.93,138.81,349738.06,244487.13
"03:45","MCS 736","29-04-2025 03:51",76668.75,80593.85,2753.77,2901.2,37457.55,36217.72,25266.15,26140.12,8411.97,8681.11,602.98,585.94,5560.05,5434.01,624,686.07,3938.59,4027.63,80063.62,206918.19,17004.98,205725.26,999387.44,750616.56,313527.25,315930.76,3637753.11,1028774.31,69450.02,11617.82,678599.45,335878.25,494.1,201.97,432266.97,296814.33
"03:46","MCS 737","29-04-2025 03:55",67125.99,68238.44,2777.67,3011.35,35030.69,33725.98,23883.48,25632.4,8209.36,8782.61,342.91,356.65,5639.29,6010.93,485.4,570.79,3563.46,3692.99,89121.75,201326.07,18996.55,225927.12,1025811.57,752731.59,374653.91,340233.89,4171176.45,1168376.47,45667.58,7335.63,817857.64,388256.99,453.09,175.9,462689.52,311518.13
"03:47","MCS 738","29-04-2025 03:59",75373.16,74625.48,2913.44,2904.07,33979.89,36751.56,21233.57,22259.66,5566.13,5972.02,1083.94,1055.87,6809.64,6546.13,1064.24,1147.7,3322.39,3578.95,92186.17,204136.03,17521.88,225598.5,1074728.87,761581.34,310779.53,275617.44,2507205.5,744186.73,129870.26,21541.5,892046.68,437795.02,945.13,335.13,420148.63,281770.32
"03:48","MCS 739","29-04-2025 04:03",92239.17,88853.26,1352.4,1438.85,43142.22,45013.3,28646.73,29354.64,8625.27,8375.73,324.81,323.11,4077.81,3927.96,439.88,531.45,5254.56,5358.59,94674.4,231970.8,7715.34,93031.44,1177296.01,883062.5,356345.99,349277.84,3595773,954412.39,35287.19,6121.83,520027.08,257327.84,380.29,155.48,581754.54,429531.68
"03:49","MCS 740 (Dup. of 599)","29-04-2025 04:07",95828.48,93422.05,976.24,1002.41,46648.19,45836.77,30847.2,29885.73,9148,9395.45,309.69,305.71,2986.08,3220.91,496.68,535.82,5833.4,5437.33,107775.6,244150.82,5980.11,72740.14,1326110.77,940894.29,415665.69,369627.11,4056992.75,1143214.76,35438.38,5808.85,404012.25,203750.27,370.53,165.96,672289.73,425904.36
"03:50","MCS 741 (Dup. of 624)","29-04-2025 04:11",65502.83,60369.74,1635.49,1571.82,27245.95,29732.89,17751.58,16852.29,4218.07,4394.47,171.16,161.18,4597.82,4383.83,420.22,456,2914.21,2881.8,72320.55,165605.23,9579.46,113672.85,786132.43,561853.8,235980.4,220651.03,1828928.24,519345.09,18630.79,3156.28,587877.55,308411.11,345.21,141.68,303607.08,217078.6
"03:51","MCS 742 (Dup. of 649)","29-04-2025 04:15",83899.02,86655.65,1615.35,1721.14,35273.53,34656.63,23038.04,22966.87,7267.1,7201.77,307.41,324.34,3691.4,3617.38,561.26,657.78,4505.24,4687.63,94038.1,244079.75,10546.34,128394.7,1095632.92,781493.04,304858.54,282673.32,3223687.65,863906.35,39511,6414.9,559326.43,253515.71,517.37,207.42,572073.8,366173.03
"03:52","MCS 743 (Dup. of 674)","29-04-2025 04:19",79595.37,76655.12,1511.22,1586.01,35953.85,39448.04,26130.22,24189.78,6815.97,7114.1,910.06,945.47,3644.98,3872.04,703.09,712,4043.13,3920.88,91909.15,212496.06,9667.21,108898.19,1041022.65,742147.66,341220.67,301598.36,3128311.79,816941.75,104894.56,16606.34,487744.26,236403.34,567.02,232.87,446765.13,322701.45
"03:53","MCS 744 (Dup. of 699)","29-04-2025 04:23",79787.34,80198.44,2938.89,3011.77,39153.43,40504.3,28011.6,25275.36,9367.58,9393.55,356.36,359.4,5789.73,6054.45,298.98,332.17,4348.99,4348.87,84930.67,205111.1,16766.76,200292.27,1091475.62,721258.97,329209.12,327725.9,4007331.03,1067934.22,39798.5,6103.99,777379.47,382507.2,238.41,97.88,506299.96,319776.06
"03:54","MCS 745 (Dup. of 724)","29-04-2025 04:27",61052.13,64577.49,2476.95,2532.3,28780.4,30443.3,21892.96,22013.51,6732.4,6488.63,442.19,446.75,5984.97,5760.68,456.33,493.69,3177.37,3145.71,65068.15,154472.51,13946.47,165728.46,772666.07,559054.78,271652.09,263686.92,2667260.29,787156.43,47008.44,7699.5,737100.41,353372.76,343.34,141.37,338103.36,225013.31
"S1:8","QC MES 5 ppm","29-04-2025 04:31",4.89,5.1,5.12,4.4,4.58,4.82,5.38,5.18,4.79,4.78,4.74,4.66,5.11,4.79,4.74,4.61,4.73,5,21389.05,49747.67,107213.72,1311812.13,540672.23,352536.32,285209.77,250005.9,7491862.8,2203247.47,2114640.18,342427.41,2399302.58,1249968.42,14182.34,5435.93,2161442.77,1466818.27
"S1:9","SJS-Std","29-04-2025 04:35",77479.68,76759.82,18656.85,20206.78,36674.95,36754.4,25054.77,24195.74,14940.94,14822.2,596.47,585.26,13553.41,12639.09,722.51,742.36,3581.83,3611.4,34024.89,77642.16,46951.35,551067.73,387948.05,285851,116152.66,122323.16,2568243.21,697922.97,26575.9,4332.85,673052.06,307127.82,213.31,88.94,148832.35,101614.06
"S1:1","Wash","29-04-2025 04:39","0.00 u",0.02,"0.00 u",-0.01,0.01,-0.01,"0.00 u",0.04,0,-0.01,"0.00 u",-0.01,"0.00 u",0.01,0.01,"0.00 u","0.00 u","0.00 u",14.46,1102.44,8.42,334.23,74.63,81.44,152.29,17997.38,462.56,150.91,65.02,14.43,18326.88,206.15,17.2,-3.62,104.13,95.31
"S1:1","Wash","29-04-2025 04:43","0.00 u","0.00 u",-0.01,-0.01,0,"0.00 u",-0.01,0.04,-0.01,0,"0.00 u","0.00 u","0.00 u",0,0.01,"0.00 u","0.00 u","0.00 u",16.14,840.94,11.85,215.18,31.98,36.51,215,17714.3,205.91,69.89,47.87,8.7,19564.41,195.44,19.76,3.17,119.33,86.5